Year,Level,Code,Income_avg,Income_median,Employed
2019,0,LV,997,758,920373
2019,1,LV003,864,697,108961
2019,1,LV005,759,611,107669
2019,1,LV006,1127,842,322880
2019,1,LV007,1104,819,185426
2019,1,LV008,860,713,85963
2019,1,LV009,910,739,109474
2019,3,0010000,1127,842,322880
2019,3,0050000,779,642,36633
2019,3,0090000,1002,801,28146
2019,3,0110000,841,688,10402
2019,3,0130000,1089,771,24512
2019,3,0170000,867,698,31297
2019,3,0210000,818,663,12823
2019,3,0250000,988,823,11771
2019,3,0270000,999,807,16317
2019,3,0320200,911,758,3906
2019,3,0321000,831,698,2219
2019,3,0321400,862,715,2191
2019,3,0326100,851,713,2364
2019,3,0327100,813,678,1354
2019,3,0328200,887,749,1484
2019,3,0360200,781,633,6115
2019,3,0360800,739,618,1359
2019,3,0380200,756,599,4947
2019,3,0381600,754,606,1722
2019,3,0384400,736,608,343
2019,3,0387500,676,544,813
2019,3,0400200,858,713,10877
2019,3,0406400,971,791,4084
2019,3,0407700,814,680,1454
2019,3,0409500,878,739,3617
2019,3,0420200,919,751,8143
2019,3,0421200,874,705,1535
2019,3,0424701,869,701,2277
2019,3,0425700,801,648,877
2019,3,0427300,873,738,3724
2019,3,0427500,859,689,1667
2019,3,0427700,795,663,1313
2019,3,0429300,803,650,1577
2019,3,0440200,725,594,7775
2019,3,0440801,746,572,2546
2019,3,0460200,918,758,9607
2019,3,0460800,815,670,2761
2019,3,0468900,856,700,1524
2019,3,0500200,810,681,9255
2019,3,0540200,870,714,10572
2019,3,0546701,1089,809,4842
2019,3,0560200,786,610,1754
2019,3,0560800,876,721,1068
2019,3,0561800,793,625,1468
2019,3,0566900,781,662,2281
2019,3,0568700,819,723,1499
2019,3,0600202,711,560,5403
2019,3,0601000,710,564,2370
2019,3,0604300,698,550,1144
2019,3,0620200,780,625,9977
2019,3,0621200,756,615,1855
2019,3,0624200,820,685,553
2019,3,0640600,798,630,3524
2019,3,0640801,820,658,1157
2019,3,0641000,896,748,3873
2019,3,0641401,870,641,1146
2019,3,0641600,764,636,2153
2019,3,0647900,900,676,1459
2019,3,0648500,740,566,570
2019,3,0649300,791,632,978
2019,3,0660200,851,703,7663
2019,3,0661000,784,667,1932
2019,3,0661400,869,717,3379
2019,3,0680200,751,605,4898
2019,3,0681000,716,582,2077
2019,3,0681801,631,511,1009
2019,3,0684901,711,574,942
2019,3,0700200,822,689,9886
2019,3,0700800,759,617,1062
2019,3,0701400,793,678,1016
2019,3,0701800,744,591,1257
2019,3,0705500,788,641,1141
2019,3,0740202,987,777,16157
2019,3,0740600,1360,980,4870
2019,3,0741001,960,756,2635
2019,3,0741401,928,752,4846
2019,3,0760202,800,664,3884
2019,3,0761201,806,606,4400
2019,3,0766300,696,564,1607
2019,3,0769101,689,530,584
2019,3,0780200,721,576,9578
2019,3,0781800,671,526,2171
2019,3,0800600,1065,802,2832
2019,3,0800800,1302,986,12381
2019,3,0801000,1018,862,10326
2019,3,0801200,1090,852,11762
2019,3,0801400,1093,824,3305
2019,3,0801601,1079,798,9204
2019,3,0801800,1008,791,3891
2019,3,0804400,1322,969,5882
2019,3,0804900,1392,952,5376
2019,3,0805200,1268,916,4732
2019,3,0806000,1470,954,4503
2019,3,0806900,918,736,2451
2019,3,0807400,955,845,1710
2019,3,0807600,1568,1068,9997
2019,3,0808400,1028,813,3464
2019,3,0809200,976,787,1068
2019,3,0809600,1228,919,5706
2019,3,0840200,850,699,10194
2019,3,0840601,866,719,2537
2019,3,0880200,830,676,12509
2019,3,0885100,812,673,1597
2019,3,0887600,782,594,634
2019,3,0888301,764,625,1618
2019,3,0900200,892,740,13279
2019,3,0901201,800,655,3331
2019,3,0905100,957,741,3225
2019,3,0905700,840,715,1007
2019,3,0940200,831,714,3314
2019,3,0941600,872,722,5772
2019,3,0941800,851,729,1254
2019,3,0960200,901,732,2832
2019,3,0961000,766,602,1229
2019,3,0961600,842,714,1982
2019,3,0964700,941,748,1406
2019,3,0967101,873,706,3395
2019,3,0967300,843,737,804
2019,3,0980200,869,707,5013
2019,4,0010000,1127,842,322880
2019,4,0050000,779,642,36633
2019,4,0090000,1002,801,28146
2019,4,0110000,841,688,10402
2019,4,0130000,1089,771,24512
2019,4,0170000,867,698,31297
2019,4,0210000,818,663,12823
2019,4,0250000,988,823,11771
2019,4,0270000,999,807,16317
2019,4,0320201,915,765,3410
2019,4,0320244,888,714,485
2019,4,0321007,855,709,754
2019,4,0321027,657,583,28
2019,4,0321050,846,753,386
2019,4,0321078,727,616,368
2019,4,0321080,900,748,358
2019,4,0321084,846,767,151
2019,4,0321086,793,655,170
2019,4,0321413,884,736,1371
2019,4,0321442,813,620,281
2019,4,0321458,846,717,281
2019,4,0321492,829,684,248
2019,4,0326146,836,674,438
2019,4,0326154,744,597,202
2019,4,0326160,869,730,1719
2019,4,0327166,867,738,366
2019,4,0327170,801,649,636
2019,4,0327174,830,718,145
2019,4,0327196,744,640,207
2019,4,0328200,887,749,1484
2019,4,0360201,839,709,3133
2019,4,0360242,781,640,557
2019,4,0360244,686,489,155
2019,4,0360252,775,520,123
2019,4,0360256,747,613,363
2019,4,0360258,663,523,169
2019,4,0360260,817,679,165
2019,4,0360264,708,513,46
2019,4,0360268,653,550,238
2019,4,0360272,730,539,133
2019,4,0360274,726,508,203
2019,4,0360276,656,511,113
2019,4,0360280,601,462,170
2019,4,0360288,736,658,124
2019,4,0360294,631,525,126
2019,4,0360296,720,603,287
2019,4,0360805,763,646,346
2019,4,0360825,691,616,157
2019,4,0360848,733,608,346
2019,4,0360884,690,579,263
2019,4,0360890,801,628,246
2019,4,0380201,789,631,2759
2019,4,0380246,718,579,261
2019,4,0380248,619,502,160
2019,4,0380250,659,529,279
2019,4,0380252,765,583,183
2019,4,0380256,662,523,121
2019,4,0380258,742,576,485
2019,4,0380266,670,533,76
2019,4,0380286,776,625,332
2019,4,0380290,695,630,126
2019,4,0380294,719,562,161
2019,4,0381615,746,606,505
2019,4,0381660,665,550,69
2019,4,0381670,794,617,258
2019,4,0381678,812,602,159
2019,4,0381682,745,604,365
2019,4,0381692,713,587,147
2019,4,0381698,754,637,219
2019,4,0384400,736,608,343
2019,4,0387564,634,514,305
2019,4,0387574,701,569,508
2019,4,0400201,893,739,4060
2019,4,0400246,765,659,569
2019,4,0400250,846,718,801
2019,4,0400252,886,715,1120
2019,4,0400256,773,696,251
2019,4,0400260,853,739,1014
2019,4,0400268,845,685,1609
2019,4,0400272,822,679,598
2019,4,0400292,824,710,834
2019,4,0406400,971,791,4084
2019,4,0407776,823,679,816
2019,4,0407788,810,710,292
2019,4,0407796,796,651,344
2019,4,0409544,857,700,302
2019,4,0409562,827,704,230
2019,4,0409580,922,803,447
2019,4,0409584,839,731,326
2019,4,0409590,883,714,397
2019,4,0409594,883,739,1913
2019,4,0420201,925,755,7504
2019,4,0420290,865,728,601
2019,4,0421211,911,733,482
2019,4,0421262,857,698,1051
2019,4,0424742,867,677,279
2019,4,0424746,929,756,1075
2019,4,0424768,828,655,355
2019,4,0424778,740,542,251
2019,4,0424796,819,659,313
2019,4,0425756,814,656,753
2019,4,0425798,727,610,124
2019,4,0427360,811,726,1240
2019,4,0427364,820,741,322
2019,4,0427372,935,761,1915
2019,4,0427394,786,656,238
2019,4,0427574,888,694,631
2019,4,0427580,838,696,476
2019,4,0427582,847,678,558
2019,4,0427748,789,676,298
2019,4,0427776,797,660,1014
2019,4,0429350,815,689,314
2019,4,0429354,788,618,288
2019,4,0429358,783,561,107
2019,4,0429386,833,713,337
2019,4,0429392,790,616,529
2019,4,0440242,692,583,154
2019,4,0440246,677,559,138
2019,4,0440250,685,561,409
2019,4,0440252,659,511,214
2019,4,0440260,758,609,713
2019,4,0440262,720,617,382
2019,4,0440264,731,609,441
2019,4,0440268,848,729,396
2019,4,0440270,589,508,245
2019,4,0440272,759,622,285
2019,4,0440274,740,618,2069
2019,4,0440276,801,668,206
2019,4,0440284,700,568,184
2019,4,0440286,588,504,377
2019,4,0440288,656,534,331
2019,4,0440292,669,536,286
2019,4,0440294,808,659,257
2019,4,0440296,662,551,151
2019,4,0440298,785,601,534
2019,4,0440807,792,609,887
2019,4,0440815,614,510,205
2019,4,0440835,770,513,103
2019,4,0440844,732,570,307
2019,4,0440854,757,645,181
2019,4,0440856,648,491,251
2019,4,0440880,809,629,334
2019,4,0440890,712,586,278
2019,4,0460201,980,807,4669
2019,4,0460242,865,733,369
2019,4,0460246,879,735,1235
2019,4,0460252,901,778,796
2019,4,0460254,767,656,369
2019,4,0460260,826,723,337
2019,4,0460268,848,743,419
2019,4,0460272,872,664,530
2019,4,0460280,837,741,288
2019,4,0460284,885,798,385
2019,4,0460298,782,618,183
2019,4,0460805,854,684,1002
2019,4,0460825,838,699,297
2019,4,0460850,806,672,661
2019,4,0460864,931,742,152
2019,4,0460876,766,662,195
2019,4,0460890,695,564,107
2019,4,0460894,715,610,344
2019,4,0468944,743,609,403
2019,4,0468956,760,645,210
2019,4,0468988,928,768,911
2019,4,0500201,836,702,3570
2019,4,0500244,765,642,585
2019,4,0500248,751,605,428
2019,4,0500252,791,707,201
2019,4,0500256,744,639,255
2019,4,0500260,842,671,435
2019,4,0500264,825,681,629
2019,4,0500268,798,694,276
2019,4,0500272,852,743,650
2019,4,0500276,756,595,151
2019,4,0500284,824,693,567
2019,4,0500288,732,624,407
2019,4,0500290,795,658,727
2019,4,0500294,758,664,365
2019,4,0540248,809,699,872
2019,4,0540252,856,704,1313
2019,4,0540256,921,735,1305
2019,4,0540258,859,746,891
2019,4,0540260,905,721,359
2019,4,0540262,883,719,950
2019,4,0540270,821,698,692
2019,4,0540274,819,714,646
2019,4,0540282,932,746,834
2019,4,0540286,1007,778,830
2019,4,0540290,793,671,605
2019,4,0540292,794,674,602
2019,4,0540296,856,683,644
2019,4,0546744,1006,782,2167
2019,4,0546766,1261,908,1942
2019,4,0546778,883,704,725
2019,4,0560248,974,678,367
2019,4,0560252,747,617,195
2019,4,0560254,745,602,181
2019,4,0560266,726,620,215
2019,4,0560274,776,657,176
2019,4,0560282,738,581,299
2019,4,0560298,710,570,320
2019,4,0560805,932,746,497
2019,4,0560825,864,680,155
2019,4,0560844,748,574,144
2019,4,0560862,849,772,271
2019,4,0561815,809,667,659
2019,4,0561835,807,626,235
2019,4,0561858,763,603,158
2019,4,0561880,860,658,196
2019,4,0561888,696,551,218
2019,4,0566946,718,574,238
2019,4,0566968,847,690,372
2019,4,0566970,796,671,737
2019,4,0566976,710,596,229
2019,4,0566994,816,720,454
2019,4,0566996,703,591,248
2019,4,0568786,829,730,1226
2019,4,0568790,776,692,270
2019,4,0600201,730,581,3257
2019,4,0600248,780,612,132
2019,4,0600262,712,513,239
2019,4,0600264,736,622,209
2019,4,0600268,663,476,183
2019,4,0600270,672,568,144
2019,4,0600274,769,602,156
2019,4,0600278,815,641,137
2019,4,0600284,611,461,123
2019,4,0600286,597,488,261
2019,4,0600288,621,499,168
2019,4,0600296,657,518,383
2019,4,0601009,792,660,815
2019,4,0601042,659,539,327
2019,4,0601044,611,489,158
2019,4,0601046,671,496,143
2019,4,0601050,569,479,84
2019,4,0601054,725,564,216
2019,4,0601056,770,541,220
2019,4,0601076,637,500,130
2019,4,0601080,594,475,42
2019,4,0601090,579,498,88
2019,4,0601092,654,513,146
2019,4,0604342,751,586,651
2019,4,0604358,559,483,115
2019,4,0604372,639,541,214
2019,4,0604394,661,517,164
2019,4,0620201,812,654,4914
2019,4,0620246,711,556,312
2019,4,0620250,693,581,173
2019,4,0620254,790,651,141
2019,4,0620258,735,576,246
2019,4,0620260,772,610,839
2019,4,0620264,745,594,386
2019,4,0620272,706,559,455
2019,4,0620274,775,664,490
2019,4,0620280,792,615,341
2019,4,0620284,785,654,648
2019,4,0620290,754,600,277
2019,4,0620292,702,598,322
2019,4,0620296,743,609,400
2019,4,0621209,802,642,822
2019,4,0621229,721,617,368
2019,4,0621268,654,504,193
2019,4,0621278,823,640,148
2019,4,0621282,718,616,319
2019,4,0624200,820,685,553
2019,4,0640605,826,652,1891
2019,4,0640642,788,636,312
2019,4,0640648,815,624,387
2019,4,0640666,782,630,275
2019,4,0640668,719,569,459
2019,4,0640672,737,540,192
2019,4,0640807,826,693,228
2019,4,0640827,796,652,146
2019,4,0640850,874,700,264
2019,4,0640888,819,646,358
2019,4,0640894,747,624,161
2019,4,0641009,951,786,1773
2019,4,0641044,804,711,244
2019,4,0641056,818,706,298
2019,4,0641060,840,685,966
2019,4,0641076,903,766,584
2019,4,0641413,889,654,429
2019,4,0641486,924,510,177
2019,4,0641496,837,676,540
2019,4,0641615,787,656,890
2019,4,0641646,765,655,287
2019,4,0641658,765,638,223
2019,4,0641664,675,550,241
2019,4,0641682,790,662,188
2019,4,0641698,748,659,322
2019,4,0647978,913,681,1154
2019,4,0647980,855,668,304
2019,4,0648552,788,577,202
2019,4,0648584,714,564,367
2019,4,0649354,797,577,131
2019,4,0649392,790,639,847
2019,4,0660201,867,725,3416
2019,4,0660252,843,670,466
2019,4,0660264,801,674,946
2019,4,0660268,775,617,276
2019,4,0660276,931,741,1000
2019,4,0660280,828,659,439
2019,4,0660284,833,678,610
2019,4,0660288,774,667,498
2019,4,0661007,866,724,494
2019,4,0661017,789,699,372
2019,4,0661027,744,663,277
2019,4,0661037,702,584,176
2019,4,0661044,702,558,235
2019,4,0661048,791,648,376
2019,4,0661405,868,804,339
2019,4,0661415,912,757,1273
2019,4,0661425,822,760,177
2019,4,0661435,813,674,832
2019,4,0661460,869,678,756
2019,4,0680201,787,652,3355
2019,4,0680246,544,457,159
2019,4,0680250,740,598,220
2019,4,0680258,708,555,376
2019,4,0680260,669,530,129
2019,4,0680278,700,605,113
2019,4,0680280,642,465,144
2019,4,0680286,627,507,202
2019,4,0680288,732,653,91
2019,4,0680292,642,536,103
2019,4,0681009,734,608,793
2019,4,0681054,506,449,101
2019,4,0681068,702,581,423
2019,4,0681070,772,635,325
2019,4,0681072,738,634,219
2019,4,0681094,672,525,215
2019,4,0681817,680,532,583
2019,4,0681864,539,487,83
2019,4,0681884,573,476,187
2019,4,0681896,567,452,156
2019,4,0684944,676,533,142
2019,4,0684948,714,569,278
2019,4,0684966,602,535,89
2019,4,0684990,698,600,192
2019,4,0684998,777,630,241
2019,4,0700201,881,742,3321
2019,4,0700242,791,641,538
2019,4,0700244,760,612,510
2019,4,0700246,826,692,664
2019,4,0700250,786,676,473
2019,4,0700262,875,749,751
2019,4,0700266,877,756,285
2019,4,0700268,769,617,454
2019,4,0700270,753,633,524
2019,4,0700274,698,565,347
2019,4,0700276,693,570,236
2019,4,0700282,728,606,340
2019,4,0700286,812,689,620
2019,4,0700290,814,716,565
2019,4,0700296,771,640,245
2019,4,0700807,777,648,660
2019,4,0700827,731,564,401
2019,4,0701413,823,731,730
2019,4,0701458,716,594,286
2019,4,0701817,770,595,743
2019,4,0701878,665,570,265
2019,4,0701894,760,628,243
2019,4,0705554,797,640,859
2019,4,0705560,804,715,113
2019,4,0705592,742,627,166
2019,4,0740201,1034,816,11564
2019,4,0740252,775,648,294
2019,4,0740256,783,658,353
2019,4,0740260,814,653,263
2019,4,0740268,789,647,683
2019,4,0740272,738,606,192
2019,4,0740276,794,647,202
2019,4,0740280,1030,792,1418
2019,4,0740288,851,708,810
2019,4,0740292,766,658,319
2019,4,0740605,1425,1020,3532
2019,4,0740625,1191,857,1332
2019,4,0741009,1044,858,1114
2019,4,0741029,920,716,325
2019,4,0741044,893,708,679
2019,4,0741084,899,713,510
2019,4,0741413,974,793,3037
2019,4,0741433,866,737,439
2019,4,0741448,890,714,841
2019,4,0741464,780,623,515
2019,4,0760201,820,679,2894
2019,4,0760244,824,702,177
2019,4,0760256,653,557,177
2019,4,0760258,725,557,352
2019,4,0760274,765,651,281
2019,4,0761211,805,600,3050
2019,4,0761252,810,609,256
2019,4,0761266,841,654,386
2019,4,0761268,799,621,253
2019,4,0761282,733,520,155
2019,4,0761286,811,661,296
2019,4,0766348,720,572,240
2019,4,0766362,711,574,438
2019,4,0766370,698,549,452
2019,4,0766376,559,517,91
2019,4,0766378,710,590,148
2019,4,0766380,688,575,236
2019,4,0769164,666,499,187
2019,4,0769190,743,628,244
2019,4,0769194,630,493,153
2019,4,0780242,706,548,371
2019,4,0780244,756,640,244
2019,4,0780246,658,536,429
2019,4,0780250,730,604,330
2019,4,0780252,640,524,260
2019,4,0780254,737,610,305
2019,4,0780256,769,602,797
2019,4,0780258,734,592,237
2019,4,0780260,702,510,119
2019,4,0780262,722,603,403
2019,4,0780266,761,592,249
2019,4,0780268,749,574,337
2019,4,0780270,733,590,1048
2019,4,0780272,741,574,152
2019,4,0780274,658,500,157
2019,4,0780276,761,605,761
2019,4,0780278,768,645,346
2019,4,0780280,693,603,112
2019,4,0780282,625,488,237
2019,4,0780284,766,631,341
2019,4,0780286,681,543,436
2019,4,0780288,608,502,789
2019,4,0780292,618,524,231
2019,4,0780294,681,572,254
2019,4,0780296,850,683,626
2019,4,0781817,669,523,1158
2019,4,0781848,754,554,251
2019,4,0781890,594,503,228
2019,4,0781898,670,541,534
2019,4,0800605,1078,807,1965
2019,4,0800625,1039,797,862
2019,4,0800807,1322,1012,3587
2019,4,0800856,1206,885,553
2019,4,0800870,1301,984,8221
2019,4,0801009,1015,884,5810
2019,4,0801080,1025,836,4479
2019,4,0801211,1086,855,9295
2019,4,0801231,1107,846,2452
2019,4,0801413,1134,850,1487
2019,4,0801433,1060,808,1815
2019,4,0801615,1135,831,6081
2019,4,0801642,999,795,893
2019,4,0801666,780,637,300
2019,4,0801694,988,751,1911
2019,4,0801817,943,742,1670
2019,4,0801864,1058,835,2217
2019,4,0804400,1322,969,5882
2019,4,0804948,1448,984,4668
2019,4,0804988,1026,792,703
2019,4,0805200,1268,916,4732
2019,4,0806000,1470,954,4503
2019,4,0806956,800,666,648
2019,4,0806968,960,761,1801
2019,4,0807400,955,845,1710
2019,4,0807600,1568,1068,9997
2019,4,0808400,1028,813,3464
2019,4,0809200,976,787,1068
2019,4,0809600,1228,919,5706
2019,4,0840201,907,751,4708
2019,4,0840248,770,600,405
2019,4,0840256,760,586,119
2019,4,0840258,745,601,275
2019,4,0840262,805,691,348
2019,4,0840266,797,648,518
2019,4,0840270,743,614,508
2019,4,0840272,842,689,685
2019,4,0840276,811,712,297
2019,4,0840282,771,618,255
2019,4,0840286,950,820,701
2019,4,0840288,635,521,201
2019,4,0840292,733,589,134
2019,4,0840294,746,630,239
2019,4,0840296,815,667,644
2019,4,0840298,695,516,138
2019,4,0840605,906,760,1324
2019,4,0840625,890,731,398
2019,4,0840644,824,715,295
2019,4,0840652,732,595,241
2019,4,0840680,812,699,267
2019,4,0880201,878,725,4286
2019,4,0880213,804,674,517
2019,4,0880215,806,663,748
2019,4,0880217,774,677,538
2019,4,0880237,738,593,307
2019,4,0880242,725,613,394
2019,4,0880246,741,650,346
2019,4,0880254,871,716,968
2019,4,0880258,733,624,176
2019,4,0880264,760,679,157
2019,4,0880268,867,677,755
2019,4,0880270,790,602,609
2019,4,0880272,824,657,814
2019,4,0880274,755,610,192
2019,4,0880286,746,650,141
2019,4,0880292,826,682,523
2019,4,0880294,789,614,674
2019,4,0880296,854,739,334
2019,4,0885150,805,652,1219
2019,4,0885162,835,737,375
2019,4,0887600,782,594,634
2019,4,0888301,764,625,1618
2019,4,0900201,931,761,8245
2019,4,0900246,781,699,281
2019,4,0900248,820,659,617
2019,4,0900254,808,732,550
2019,4,0900258,787,663,335
2019,4,0900268,732,638,275
2019,4,0900274,826,740,640
2019,4,0900278,891,731,533
2019,4,0900280,840,688,790
2019,4,0900284,898,754,776
2019,4,0900296,791,640,195
2019,4,0901211,833,667,1613
2019,4,0901244,785,672,227
2019,4,0901262,778,622,492
2019,4,0901270,772,643,227
2019,4,0901288,761,632,289
2019,4,0901292,764,667,203
2019,4,0901294,752,646,273
2019,4,0905150,901,699,1090
2019,4,0905166,1049,760,1024
2019,4,0905182,930,762,1107
2019,4,0905756,853,725,870
2019,4,0905790,762,650,134
2019,4,0940201,872,750,1989
2019,4,0940252,739,684,317
2019,4,0940266,755,636,218
2019,4,0940288,783,688,383
2019,4,0940292,793,665,270
2019,4,0940296,788,676,129
2019,4,0941615,932,765,2604
2019,4,0941644,716,609,470
2019,4,0941646,821,681,381
2019,4,0941648,819,714,270
2019,4,0941658,756,600,358
2019,4,0941670,958,759,514
2019,4,0941674,828,695,409
2019,4,0941680,844,714,438
2019,4,0941690,815,724,326
2019,4,0941813,718,621,385
2019,4,0941817,970,841,480
2019,4,0941860,917,753,174
2019,4,0941876,783,692,209
2019,4,0960244,859,679,237
2019,4,0960252,816,686,473
2019,4,0960264,944,760,1361
2019,4,0960288,920,716,436
2019,4,0960296,851,735,324
2019,4,0961011,773,599,457
2019,4,0961031,784,593,249
2019,4,0961076,690,552,144
2019,4,0961082,627,544,111
2019,4,0961084,839,671,266
2019,4,0961615,881,749,1250
2019,4,0961656,779,672,59
2019,4,0961658,782,646,408
2019,4,0961668,727,606,106
2019,4,0961694,794,667,157
2019,4,0964746,954,758,390
2019,4,0964762,1001,757,629
2019,4,0964784,833,743,384
2019,4,0967148,764,653,500
2019,4,0967154,798,720,185
2019,4,0967170,785,630,343
2019,4,0967178,874,735,554
2019,4,0967190,948,738,1670
2019,4,0967192,694,650,139
2019,4,0967366,788,673,253
2019,4,0967372,868,756,551
2019,4,0980213,848,697,444
2019,4,0980233,901,740,166
2019,4,0980244,794,654,249
2019,4,0980250,747,570,118
2019,4,0980256,828,662,417
2019,4,0980260,899,713,344
2019,4,0980266,891,756,855
2019,4,0980270,864,705,837
2019,4,0980274,976,735,200
2019,4,0980278,935,787,225
2019,4,0980284,896,703,749
2019,4,0980290,789,620,179
2019,4,0980294,819,684,216
2019,4,UNK,523,437,707
2019,5,0010001,1131,831,224
2019,5,0010002,1080,843,12115
2019,5,0010003,1468,947,2010
2019,5,0010004,1111,864,579
2019,5,0010005,1126,870,17014
2019,5,0010006,916,741,4052
2019,5,0010007,974,779,1137
2019,5,0010008,654,575,37
2019,5,0010009,1030,762,1183
2019,5,0010010,1093,844,21366
2019,5,0010011,1092,783,636
2019,5,0010012,879,739,6087
2019,5,0010013,1238,920,7213
2019,5,0010014,1028,784,8507
2019,5,0010015,960,745,12586
2019,5,0010016,1665,921,148
2019,5,0010017,878,737,422
2019,5,0010018,921,751,10299
2019,5,0010019,732,654,138
2019,5,0010020,880,724,176
2019,5,0010021,1166,865,1331
2019,5,0010022,1125,835,4165
2019,5,0010023,989,807,23645
2019,5,0010024,1116,808,310
2019,5,0010025,1147,873,27778
2019,5,0010026,1278,951,14912
2019,5,0010027,1170,873,13335
2019,5,0010028,1073,820,9441
2019,5,0010029,1057,732,128
2019,5,0010030,1051,813,1892
2019,5,0010031,1343,946,4063
2019,5,0010032,1152,817,3409
2019,5,0010033,1472,794,249
2019,5,0010034,1521,994,15986
2019,5,0010035,986,745,39
2019,5,0010036,1254,900,2607
2019,5,0010037,1004,796,1950
2019,5,0010038,1064,798,3435
2019,5,0010039,1048,793,613
2019,5,0010040,1028,805,21642
2019,5,0010041,1173,846,8581
2019,5,0010042,1307,929,2591
2019,5,0010043,1051,821,5821
2019,5,0010044,1031,827,11348
2019,5,0010045,1402,965,820
2019,5,0010046,1313,971,1397
2019,5,0010047,2316,1192,842
2019,5,0010048,930,747,832
2019,5,0010049,1552,839,468
2019,5,0010050,1139,839,10086
2019,5,0010051,1351,997,6988
2019,5,0010052,829,711,103
2019,5,0010053,1189,894,6720
2019,5,0010054,1100,849,2709
2019,5,0010055,1245,900,232
2019,5,0010056,1211,936,3378
2019,5,0010057,1805,994,964
2019,5,0010058,1015,682,858
2019,5,UNK,572,442,1283
2019,7,LVDPA0001,1159,861,346342
2019,7,LVDPA0002,1004,804,28427
2019,7,LVDPA0003,1095,774,22985
2019,7,LVDPA0004,1094,824,3577
2019,7,LVDPA0005,784,647,34597
2019,7,LVDPA0006,817,662,13548
2019,7,LVDPA0007,867,696,30322
2019,7,LVDPA0008,1000,809,16300
2019,7,LVDPA0009,846,691,10735
2019,7,LVDPA0010,925,754,7727
2019,7,LVDPA0011,988,815,13055
2019,7,LVDPA0012,1035,815,12262
2019,7,LVDPA0013,905,749,5421
2019,7,LVDPA0014,930,763,7979
2019,7,LVDPA0015,810,654,5630
2019,7,LVDPA0016,897,740,5810
2019,7,LVDPA0017,1120,826,7349
2019,7,LVDPA0018,726,577,3441
2019,7,LVDPA0019,838,704,3686
2019,7,LVDPA0020,984,806,4954
2019,7,LVDPA0021,943,812,438
2019,7,LVDPA0022,884,743,3366
2019,7,LVDPA0024,1272,949,2911
2019,7,LVDPA0025,885,728,4543
2019,7,LVDPA0027,822,652,2087
2019,7,LVDPA0028,788,651,3436
2019,7,LVDPA0029,841,706,3128
2019,7,LVDPA0030,928,761,2828
2019,7,LVDPA0031,862,725,3725
2019,7,LVDPA0032,764,622,2448
2019,7,LVDPA0033,809,605,3095
2019,7,LVDPA0034,1035,741,221
2019,7,LVDPA0035,914,770,1278
2019,7,LVDPA0036,672,528,1324
2019,7,LVDPA0037,1420,1013,3576
2019,7,LVDPA0038,875,747,1341
2019,7,LVDPA0039,1050,763,1003
2019,7,LVDPA0040,750,601,912
2019,7,LVDPA0041,728,603,832
2019,7,LVDPA0042,872,750,1983
2019,7,LVDPA0043,774,596,841
2019,7,LVDPA0044,1094,827,1965
2019,7,LVDPA0045,750,608,516
2019,7,LVDPA0046,880,741,1288
2019,7,LVDPA0047,837,674,1634
2019,7,LVDPA0048,940,776,1944
2019,7,LVDPA0050,786,646,942
2019,7,LVDPA0051,857,689,1253
2019,7,LVDPA0052,676,532,605
2019,7,LVDPA0053,814,677,3067
2019,7,LVDPA0054,854,713,759
2019,7,LVDPA0055,792,664,929
2019,7,LVDPA0056,705,594,1172
2019,7,LVDPA0057,769,608,530
2019,7,LVDPA0059,1370,988,3660
2019,7,LVDPA0060,1018,857,2632
2019,7,LVDPA0061,904,741,10267
2019,7,LVDPA0062,902,739,1308
2019,7,LVDPA0063,811,652,842
2019,7,LVDPA0064,906,750,1099
2019,7,LVDPA0065,855,705,697
2019,7,LVDPA0066,780,617,705
2019,7,LVDPA0067,792,624,541
2019,7,LVDPA0068,746,655,221
2019,7,LVDPA0069,815,667,578
2019,7,LVDPA0070,939,778,1012
2019,7,LVDPA0071,1193,915,252
2019,7,LVDPA0072,812,654,736
2019,7,LVDPA0073,816,674,645
2019,7,LVDPA0074,826,734,756
2019,7,LVDPA0075,825,681,425
2019,7,LVDPA0076,746,607,1395
2019,7,LVDPA0078,795,612,886
2019,7,LVDPA0079,805,654,753
2019,7,LVDPA0080,916,767,3488
2019,7,LVDPA0081,1093,763,60
2019,7,LVDPA0082,761,644,1074
2019,7,LVDPA0083,850,683,622
2019,7,LVDPA0084,730,509,179
2019,7,LVDPA0085,930,737,501
2019,7,LVDPA0086,970,830,471
2019,7,LVDPA0087,806,662,685
2019,7,LVDPA0088,1042,857,1111
2019,7,LVDPA0089,966,864,990
2019,7,LVDPA0091,1169,944,965
2019,7,LVDPA0092,1127,919,71
2019,7,LVDPA0093,855,773,340
2019,7,LVDPA0094,795,660,388
2019,7,LVDPA0095,806,703,720
2019,7,LVDPA0096,980,818,280
2019,7,LVDPA0097,768,654,363
2019,7,LVDPA0098,793,629,376
2019,7,LVDPA0099,1021,799,619
2019,7,LVDPA0100,866,751,817
2019,7,LVDPA0102,805,725,1010
2019,7,LVDPA0104,1030,764,1204
2019,7,LVDPA0105,1297,929,740
2019,7,LVDPA0106,917,661,409
2019,7,LVDPA0107,776,648,634
2019,7,LVDPA0108,1254,911,934
2019,7,LVDPA0109,807,677,331
2019,7,LVDPA0110,866,725,500
2019,7,LVDPA0112,843,722,386
2019,7,LVDPA0113,1012,875,7377
2019,7,LVDPA0114,862,713,177
2019,7,LVDPA0115,908,725,942
2019,7,LVDPA0116,713,634,183
2019,7,LVDPA0117,775,676,546
2019,7,LVDPA0118,1064,825,512
2019,7,LVDPA0119,914,730,476
2019,7,LVDPA0120,810,647,482
2019,7,LVDPA0121,695,510,148
2019,7,LVDPA0122,1408,921,554
2019,7,LVDPA0123,953,837,190
2019,7,LVDPA0124,895,770,550
2019,7,LVDPA0125,942,743,519
2019,7,LVDPA0126,817,675,556
2019,7,LVDPA0128,703,576,213
2019,7,LVDPA0129,586,498,211
2019,7,LVDPA0130,892,763,152
2019,7,LVDPA0131,791,638,220
2019,7,LVDPA0132,736,582,239
2019,7,LVDPA0133,698,562,298
2019,7,LVDPA0134,833,695,309
2019,7,LVDPA0135,852,764,175
2019,7,LVDPA0137,802,699,377
2019,7,LVDPA0138,949,781,1107
2019,7,LVDPA0139,830,696,286
2019,7,LVDPA0140,890,771,365
2019,7,LVDPA0141,828,749,311
2019,7,LVDPA0142,870,741,541
2019,7,LVDPA0143,595,508,120
2019,7,LVDPA0144,871,742,370
2019,7,LVDPA0146,807,662,289
2019,7,LVDPA0148,703,641,180
2019,7,LVDPA0149,818,707,219
2019,7,LVDPA0150,747,505,111
2019,7,LVDPA0151,938,798,184
2019,7,LVDPA0152,1018,780,497
2019,7,LVDPA0153,824,634,430
2019,7,LVDPA0154,760,660,208
2019,7,LVDPA0155,858,705,665
2019,7,LVDPA0156,887,722,233
2019,7,LVDPA0157,736,688,129
2019,7,LVDPA0158,780,658,146
2019,7,LVDPA0159,618,511,201
2019,7,LVDPA0160,770,673,93
2019,7,LVDPA0161,746,613,248
2019,7,LVDPA0162,728,625,129
2019,7,LVDPA0163,804,639,246
2019,7,LVDPA0164,652,554,158
2019,7,LVDPA0165,843,678,226
2019,7,LVDPA0166,847,701,442
2019,7,LVDPA0167,866,775,725
2019,7,LVDPA0169,860,696,231
2019,7,LVDPA0170,761,674,112
2019,7,LVDPA0171,901,726,336
2019,7,LVDPA0172,746,677,408
2019,7,LVDPA0173,900,794,368
2019,7,LVDPA0174,743,600,231
2019,7,LVDPA0175,832,719,160
2019,7,LVDPA0176,773,596,196
2019,7,LVDPA0177,806,624,235
2019,7,LVDPA0178,763,635,146
2019,7,LVDPA0179,792,718,305
2019,7,LVDPA0180,898,754,1292
2019,7,LVDPA0181,812,643,113
2019,7,LVDPA0182,754,601,136
2019,7,LVDPA0183,922,806,145
2019,7,LVDPA0184,754,581,159
2019,7,LVDPA0185,1249,910,1599
2019,7,LVDPA0186,892,744,255
2019,7,LVDPA0187,842,753,248
2019,7,LVDPA0188,1120,816,73
2019,7,LVDPA0189,880,643,428
2019,7,LVDPA0190,970,829,538
2019,7,LVDPA0191,730,569,86
2019,7,LVDPA0192,778,658,193
2019,7,LVDPA0193,798,706,259
2019,7,LVDPA0194,651,572,61
2019,7,LVDPA0196,766,647,155
2019,7,LVDPA0197,871,746,391
2019,7,LVDPA0198,717,560,170
2019,7,LVDPA0200,803,677,117
2019,7,LVDPA0201,827,741,151
2019,7,LVDPA0202,516,449,63
2019,7,LVDPA0203,771,626,244
2019,7,LVDPA0205,832,781,117
2019,7,LVDPA0206,839,770,136
2019,7,LVDPA0207,683,591,145
2019,7,LVDPA0208,882,704,228
2019,7,LVDPA0209,860,751,90
2019,7,LVDPA0210,846,594,135
2019,7,LVDPA0211,814,639,191
2019,7,LVDPA0213,904,802,170
2019,7,LVDPA0214,636,520,117
2019,7,LVDPA0215,826,692,233
2019,7,LVDPA0216,729,554,79
2019,7,LVDPA0217,634,485,113
2019,7,LVDPA0218,746,635,80
2019,7,LVDPA0219,858,815,51
2019,7,LVDPA0220,796,684,120
2019,7,LVDPA0221,1100,894,606
2019,7,LVDPA0222,775,609,177
2019,7,LVDPA0223,700,552,130
2019,7,LVDPA0224,653,491,115
2019,7,LVDPA0225,710,563,129
2019,7,LVDPA0226,746,647,207
2019,7,LVDPA0227,1211,822,68
2019,7,LVDPA0228,803,685,154
2019,7,LVDPA0229,711,563,246
2019,7,LVDPA0230,606,535,76
2019,7,LVDPA0233,796,697,152
2019,7,LVDPA0234,785,641,337
2019,7,LVDPA0235,806,748,105
2019,7,LVDPA0236,696,574,69
2019,7,LVDPA0237,818,737,137
2019,7,LVDPA0238,717,572,148
2019,7,LVDPA0239,1001,874,301
2019,7,LVDPA0240,722,546,61
2019,7,LVDPA0241,586,545,52
2019,7,LVDPA0242,713,613,149
2019,7,LVDPA0243,870,752,311
2019,7,LVDPA0244,741,625,210
2019,7,LVDPA0245,839,763,61
2019,7,LVDPA0246,717,624,79
2019,7,LVDPA0247,875,809,172
2019,7,LVDPA0250,613,488,73
2019,7,LVDPA0251,831,772,126
2019,7,LVDPA0252,782,640,131
2019,7,LVDPA0254,843,706,325
2019,7,LVDPA0255,742,609,70
2019,7,LVDPA0256,973,786,316
2019,7,LVDPA0257,707,560,175
2019,7,LVDPA0258,942,743,1695
2019,7,LVDPA0259,784,635,79
2019,7,LVDPA0261,828,774,80
2019,7,LVDPA0262,690,537,57
2019,7,LVDPA0263,898,713,192
2019,7,LVDPA0264,724,515,101
2019,7,LVDPA0265,846,758,133
2019,7,LVDPA0266,1023,838,110
2019,7,LVDPA0267,874,749,145
2019,7,LVDPA0268,851,719,250
2019,7,LVDPA0269,1005,609,75
2019,7,LVDPA0271,791,636,116
2019,7,LVDPA0272,736,580,96
2019,7,LVDPA0273,811,679,272
2019,7,LVDPA0274,672,577,104
2019,7,LVDPA0275,1543,1055,664
2019,7,LVDPA0276,735,600,121
2019,7,LVDPA0277,810,713,109
2019,7,LVDPA0278,800,677,128
2019,7,LVDPA0279,843,698,173
2019,7,LVDPA0280,714,539,203
2019,7,LVDPA0281,720,619,91
2019,7,LVDPA0282,852,688,119
2019,7,LVDPA0283,623,576,59
2019,7,LVDPA0284,739,616,84
2019,7,LVDPA0285,687,548,206
2019,7,LVDPA0286,907,779,281
2019,7,LVDPA0287,660,502,100
2019,7,LVDPA0288,714,606,133
2019,7,LVDPA0289,840,735,183
2019,7,LVDPA0290,649,535,169
2019,7,LVDPA0291,1125,947,230
2019,7,LVDPA0292,1028,816,223
2019,7,LVDPA0293,866,789,57
2019,7,LVDPA0294,796,709,207
2019,7,LVDPA0295,787,675,232
2019,7,LVDPA0296,740,624,64
2019,7,LVDPA0297,1018,835,582
2019,7,LVDPA0298,816,627,212
2019,7,LVDPA0299,638,509,53
2019,7,LVDPA0300,859,674,131
2019,7,LVDPA0301,790,707,232
2019,7,LVDPA0302,841,693,302
2019,7,LVDPA0303,1187,894,337
2019,7,LVDPA0305,768,566,96
2019,7,LVDPA0306,935,770,439
2019,7,LVDPA0307,805,665,358
2019,7,LVDPA0310,857,684,258
2019,7,LVDPA0311,880,697,281
2019,7,LVDPA0312,758,691,90
2019,7,LVDPA0313,808,689,141
2019,7,LVDPA0314,824,663,191
2019,7,LVDPA0316,824,579,94
2019,7,LVDPA0317,850,702,182
2019,7,LVDPA0318,861,724,131
2019,7,LVDPA0319,764,589,82
2019,7,LVDPA0320,888,722,111
2019,7,LVDPA0321,768,634,260
2019,7,LVDPA0322,565,465,89
2019,7,LVDPA0323,1125,862,252
2019,7,LVDPA0324,775,670,119
2019,7,LVDPA0326,844,694,101
2019,7,LVDPA0327,744,510,100
2019,7,LVDPA0328,742,577,83
2019,7,LVDPA0331,813,702,207
2019,7,LVDPA0332,887,823,163
2019,7,LVDPA0333,1092,782,631
2019,7,LVDPA0334,630,490,96
2019,7,LVDPA0335,637,506,133
2019,7,LVDPA0337,912,896,163
2019,7,LVDPA0338,756,661,166
2019,7,LVDPA0339,865,710,255
2019,7,LVDPA0340,809,672,72
2019,7,LVDPA0341,772,734,73
2019,7,LVDPA0342,876,802,215
2019,7,LVDPA0343,1019,770,312
2019,7,LVDPA0345,530,490,52
2019,7,LVDPA0346,953,738,272
2019,7,LVDPA0347,825,707,147
2019,7,LVDPA0348,793,740,94
2019,7,LVDPA0350,915,859,118
2019,7,LVDPA0351,751,668,232
2019,7,LVDPA0352,1116,828,198
2019,7,LVDPA0353,905,801,102
2019,7,LVDPA0354,785,691,220
2019,7,LVDPA0355,848,686,98
2019,7,LVDPA0356,652,529,110
2019,7,LVDPA0357,796,657,102
2019,7,LVDPA0358,696,629,63
2019,7,LVDPA0359,590,454,119
2019,7,LVDPA0360,688,626,136
2019,7,LVDPA0361,754,647,64
2019,7,LVDPA0362,1244,860,67
2019,7,LVDPA0364,885,683,66
2019,7,LVDPA0365,556,452,79
2019,7,LVDPA0368,905,736,436
2019,7,LVDPA0369,510,421,113
2019,7,LVDPA0370,690,561,139
2019,7,LVDPA0371,749,661,114
2019,7,LVDPA0372,726,619,135
2019,7,LVDPA0373,658,518,55
2019,7,LVDPA0374,942,777,864
2019,7,LVDPA0375,980,793,136
2019,7,LVDPA0376,902,761,64
2019,7,LVDPA0377,945,748,83
2019,7,LVDPA0378,1012,723,110
2019,7,LVDPA0379,769,553,62
2019,7,LVDPA0382,881,732,672
2019,7,LVDPA0383,874,714,214
2019,7,LVDPA0384,817,718,118
2019,7,LVDPA0386,775,689,109
2019,7,LVDPA0387,671,536,77
2019,7,LVDPA0389,760,574,60
2019,7,LVDPA0391,735,652,100
2019,7,LVDPA0392,858,742,54
2019,7,LVDPA0393,881,699,262
2019,7,LVDPA0394,870,730,342
2019,7,LVDPA0395,644,542,124
2019,7,LVDPA0396,951,750,220
2019,7,LVDPA0397,679,588,165
2019,7,LVDPA0398,745,606,78
2019,7,LVDPA0399,828,650,73
2019,7,LVDPA0400,802,648,129
2019,7,LVDPA0401,622,485,62
2019,7,LVDPA0402,777,670,104
2019,7,LVDPA0403,657,501,65
2019,7,LVDPA0404,857,678,172
2019,7,LVDPA0405,819,662,76
2019,7,LVDPA0406,741,674,131
2019,7,LVDPA0407,792,711,210
2019,7,LVDPA0408,792,667,108
2019,7,LVDPA0409,676,538,55
2019,7,LVDPA0410,919,859,157
2019,7,LVDPA0411,899,747,398
2019,7,LVDPA0412,665,550,69
2019,7,LVDPA0413,979,794,630
2019,7,LVDPA0415,769,648,108
2019,7,LVDPA0416,1337,747,280
2019,7,LVDPA0417,581,489,64
2019,7,LVDPA0418,725,537,58
2019,7,LVDPA0419,730,632,62
2019,7,LVDPA0422,835,683,233
2019,7,LVDPA0424,1498,1017,789
2019,7,LVDPA0425,844,637,272
2019,7,LVDPA0426,836,722,76
2019,7,LVDPA0427,894,739,163
2019,7,LVDPA0429,628,509,102
2019,7,LVDPA0430,802,716,126
2019,7,LVDPA0431,819,676,131
2019,7,LVDPA0432,775,684,129
2019,7,LVDPA0433,831,689,93
2019,7,LVDPA0434,871,659,55
2019,7,LVDPA0435,708,616,58
2019,7,LVDPA0437,819,720,113
2019,7,LVDPA0438,914,756,184
2019,7,LVDPA0440,712,640,151
2019,7,LVDPA0441,828,614,149
2019,7,LVDPA0442,681,637,90
2019,7,LVDPA0444,701,526,87
2019,7,LVDPA0445,703,565,64
2019,7,LVDPA0448,577,471,95
2019,7,LVDPA0449,721,606,104
2019,7,LVDPA0451,742,608,96
2019,7,LVDPA0453,847,723,193
2019,7,LVDPA0455,697,589,248
2019,7,LVDPA0456,734,623,87
2019,7,LVDPA0457,635,502,89
2019,7,LVDPA0459,787,683,87
2019,7,LVDPA0460,676,537,105
2019,7,LVDPA0461,753,545,109
2019,7,LVDPA0463,710,534,67
2019,7,LVDPA0464,696,504,65
2019,7,LVDPA0465,749,634,73
2019,7,LVDPA0466,750,624,111
2019,7,LVDPA0468,759,645,92
2019,7,LVDPA0469,583,475,94
2019,7,LVDPA0470,772,691,77
2019,7,LVDPA0471,804,681,57
2019,7,LVDPA0472,632,534,110
2019,7,LVDPA0473,882,768,100
2019,7,LVDPA0474,895,774,216
2019,7,LVDPA0477,708,574,93
2019,7,LVDPA0478,933,790,103
2019,7,LVDPA0479,656,535,86
2019,7,LVDPA0480,910,741,86
2019,7,LVDPA0481,734,635,99
2019,7,LVDPA0482,843,598,64
2019,7,LVDPA0484,681,604,95
2019,7,LVDPA0485,874,770,112
2019,7,LVDPA0488,819,663,74
2019,7,LVDPA0489,866,695,82
2019,7,LVDPA0490,893,849,73
2019,7,LVDPA0491,799,726,167
2019,7,LVDPA0495,862,768,82
2019,7,LVDPA0496,907,756,169
2019,7,LVDPA0497,1085,828,86
2019,7,LVDPA0499,930,747,832
2019,7,LVDPA0500,704,604,114
2019,7,LVDPA0501,1023,759,118
2019,7,LVDPA0502,665,514,119
2019,7,LVDPA0503,936,767,97
2019,7,LVDPA0504,796,670,104
2019,7,LVDPA0506,847,679,146
2019,7,LVDPA0507,982,776,114
2019,7,LVDPA0508,669,568,55
2019,7,LVDPA0509,861,713,161
2019,7,LVDPA0510,952,709,55
2019,7,LVDPA0512,716,657,118
2019,7,LVDPA0515,834,680,171
2019,7,LVDPA0517,731,592,169
2019,7,LVDPA0518,1015,811,375
2019,7,LVDPA0519,778,638,226
2019,7,LVDPA0523,764,583,109
2019,7,LVDPA0526,906,756,194
2019,7,LVDPA0527,919,748,160
2019,7,LVDPA0528,845,705,98
2019,7,LVDPA0529,735,601,78
2019,7,LVDPA0531,811,692,89
2019,7,LVDPA0532,749,614,115
2019,7,LVDPA0533,813,729,126
2019,7,LVDPA0534,823,685,268
2019,7,LVDPA0537,780,585,167
2019,7,LVDPA0538,718,621,385
2019,7,LVDPA0539,731,525,73
2019,7,LVDPA0543,761,624,193
2019,7,LVDPA0544,1265,821,226
2019,7,LVDPA0545,776,673,167
2019,7,LVDPA0546,790,592,58
2019,7,LVDPA0547,636,540,109
2019,7,LVDPA0548,865,699,166
2019,7,LVDPA0550,745,633,106
2019,7,LVDPA0551,768,607,189
2019,7,LVDPA0554,844,589,110
2019,7,LVDPA0555,933,729,58
2019,7,LVDPA0557,859,769,300
2019,7,LVDPA0558,827,714,149
2019,7,LVDPA0560,882,725,188
2019,7,LVDPA0561,902,713,73
2019,7,LVDPA0562,634,547,59
2019,7,LVDPA0563,645,557,78
2019,7,LVDPA0565,748,671,70
2019,7,LVDPA0566,765,622,209
2019,7,LVDPA0569,813,697,83
2019,7,LVDPA0570,851,728,194
2019,7,LVDPA0571,706,579,174
2019,7,LVDPA0572,811,771,116
2019,7,LVDPA0573,699,595,94
2019,7,LVDPA0574,879,646,87
2019,7,LVDPA0575,709,567,151
2019,7,LVDPA0577,902,720,159
2019,7,LVDPA0578,730,602,233
2019,7,LVDPA0579,961,789,254
2019,7,LVDPA0580,925,749,52
2019,7,LVDPA0582,741,607,152
2019,7,LVDPA0583,699,591,86
2019,7,LVDPA0584,815,657,139
2019,7,LVDPA0585,755,619,241
2019,7,LVDPA0587,810,617,191
2019,7,LVDPA0588,807,662,110
2019,7,LVDPA0589,763,626,78
2019,7,LVDPA0590,676,553,81
2019,7,LVDPA0591,697,557,108
2019,7,LVDPA0592,740,624,73
2019,7,LVDPA0595,943,791,109
2019,7,LVDPA0596,1142,932,184
2019,7,LVDPA0597,733,537,63
2019,7,LVDPA0599,832,653,136
2019,7,LVDPA0600,510,480,60
2019,7,LVDPA0603,869,747,191
2019,7,LVDPA0604,734,566,129
2019,7,LVDPA0605,804,703,139
2019,7,LVDPA0606,746,641,83
2019,7,LVDPA0607,720,668,56
2019,7,LVDPA0608,776,639,72
2019,7,LVDPA0609,764,715,71
2019,7,LVDPA0610,740,654,84
2019,7,LVDPA0611,708,578,69
2019,7,LVDPA0612,752,576,117
2019,7,LVDPA0615,802,689,71
2019,7,LVDPA0616,823,680,162
2019,7,LVDPA0617,657,533,56
2019,7,LVDPA0620,819,674,146
2019,7,LVDPA0621,1196,977,115
2019,7,LVDPA0622,866,782,213
2019,7,LVDPA0623,1387,946,431
2019,7,LVDPA0626,727,623,67
2019,7,LVDPA0628,682,536,125
2019,7,LVDPA0631,701,513,102
2019,7,LVDPA0632,903,777,241
2019,7,LVDPA0633,1163,885,422
2019,7,LVDPA0634,808,702,206
2019,7,LVDPA0635,767,583,458
2019,7,LVDPA0638,894,700,64
2019,7,LVDPA0639,617,534,98
2019,7,LVDPA0641,750,609,129
2019,7,LVDPA0643,846,662,173
2019,7,LVDPA0646,919,784,61
2019,7,LVDPA0649,678,658,97
2019,7,LVDPA0650,787,664,386
2019,7,LVDPA0651,599,533,115
2019,7,LVDPA0653,830,707,133
2019,7,LVDPA0654,635,497,54
2019,7,LVDPA0657,826,619,103
2019,7,LVDPA0658,966,734,50
2019,7,LVDPA0659,756,694,57
2019,7,LVDPA0660,763,695,121
2019,7,LVDPA0662,747,636,132
2019,7,LVDPA0663,709,507,72
2019,7,LVDPA0664,1356,891,321
2019,7,LVDPA0665,728,543,83
2019,7,LVDPA0668,886,845,54
2019,7,LVDPA0669,761,666,79
2019,7,LVDPA0677,977,879,115
2019,7,LVDPA0678,776,644,95
2019,7,LVDPA0679,939,748,172
2019,7,LVDPA0680,620,516,50
2019,7,LVDPA0685,819,709,133
2019,7,LVDPA0686,803,779,69
2019,7,LVDPA0690,833,699,119
2019,7,LVDPA0692,1043,1029,63
2019,7,LVDPA0694,810,671,93
2019,7,LVDPA0697,1287,874,308
2019,7,LVDPA0698,732,705,116
2019,7,LVDPA0699,846,832,52
2019,7,LVDPA0700,563,490,84
2019,7,LVDPA0702,744,694,215
2019,7,LVDPA0704,824,764,159
2019,7,LVDPA0706,736,620,82
2019,7,LVDPA0707,860,643,78
2019,7,LVDPA0710,758,689,61
2019,7,LVDPA0713,863,692,97
2019,7,LVDPA0715,691,555,88
2019,7,LVDPA0716,749,646,104
2019,7,LVDPA0719,924,794,90
2019,7,LVDPA0720,695,571,137
2019,7,LVDPA0721,1412,1036,69
2019,7,LVDPA0723,869,779,169
2019,7,LVDPA0725,713,611,124
2019,7,LVDPA0726,673,577,62
2019,7,LVDPA0727,722,565,87
2019,7,LVDPA0728,870,740,105
2019,7,LVDPA0729,967,778,658
2019,7,LVDPA0735,798,681,81
2019,7,LVDPA0736,784,598,61
2019,7,LVDPA0737,817,573,180
2019,7,LVDPA0739,709,621,153
2019,7,LVDPA0740,566,442,74
2019,7,LVDPA0741,890,709,194
2019,7,LVDPA0742,1340,986,405
2019,7,LVDPA0744,816,664,176
2019,7,LVDPA0745,824,672,80
2019,7,LVDPA0746,696,557,58
2019,7,LVDPA0748,799,594,52
2019,7,LVDPA0749,883,840,73
2019,7,LVDPA0755,948,780,68
2019,7,LVDPA0756,668,540,109
2019,7,LVDPA0757,757,600,134
2019,7,LVDPA0758,953,778,199
2019,7,LVDPA0760,592,457,71
2019,7,LVDPA0761,859,771,87
2019,7,LVDPA0763,621,513,92
2019,7,LVDPA0766,816,577,99
2019,7,LVDPA0772,789,698,514
2019,7,LVDPA0775,831,684,225
2019,7,LVDPA0777,886,698,156
2019,7,LVDPA0781,952,826,179
2019,7,LVDPA0782,754,673,102
2019,7,LVDPA0783,773,695,121
2019,7,LVDPA0784,752,692,98
2019,7,LVDPA0785,708,651,85
2019,7,LVDPA0786,797,717,68
2019,7,LVDPA0788,799,640,176
2019,7,LVDPA0789,753,592,58
2019,7,LVDPA0790,680,600,92
2019,7,LVDPA0791,826,715,150
2019,7,LVDPA0792,559,469,97
2019,7,LVDPA0795,809,633,107
2019,7,LVDPA0796,886,751,170
2019,7,LVDPA0799,671,563,56
2019,7,LVDPA0800,622,602,58
2019,7,LVDPA0806,953,711,60
2019,7,LVDPA0807,810,724,95
2019,7,LVDPA0809,795,598,98
2019,7,LVDPA0812,661,621,67
2019,7,LVDPA0814,751,626,87
2019,7,LVDPA0815,917,817,50
2019,7,LVDPA0818,809,730,87
2019,7,LVDPA0819,704,606,172
2019,7,LVDPA0822,781,698,146
2019,7,LVDPA0824,666,588,413
2019,7,LVDPA0827,759,617,92
2019,7,LVDPA0828,790,732,132
2019,7,LVDPA0830,949,770,95
2019,7,LVDPA0833,721,631,63
2019,7,LVDPA0835,890,690,107
2019,7,LVDPA0836,707,549,63
2019,7,LVDPA0842,820,786,84
2019,7,LVDPA0847,1005,638,60
2019,7,LVDPA0850,659,544,92
2019,7,LVDPA0852,1075,880,77
2019,7,LVDPA0854,882,781,70
2019,7,LVDPA0855,712,518,64
2019,7,LVDPA0856,705,655,107
2019,7,LVDPA0858,892,696,112
2019,7,LVDPA0860,851,735,324
2019,7,LVDPA0861,1272,893,174
2019,7,LVDPA0866,787,628,60
2019,7,LVDPA0867,772,668,51
2019,7,LVDPA0873,623,493,53
2019,7,LVDPA0874,818,620,106
2019,7,LVDPA0876,817,638,144
2019,7,LVDPA0878,788,630,77
2019,7,LVDPA0880,734,618,99
2019,7,LVDPA0881,882,718,119
2019,7,LVDPA0887,856,771,118
2019,7,LVDPA0888,709,586,60
2019,7,LVDPA0891,758,688,153
2019,7,LVDPA0896,690,534,126
2019,7,LVDPA0897,789,633,105
2019,7,LVDPA0898,709,629,133
2019,7,LVDPA0900,1035,1017,102
2019,7,LVDPA0905,1033,865,163
2019,7,LVDPA0908,699,641,55
2019,7,LVDPA0909,871,738,105
2019,7,LVDPA0910,893,804,195
2019,7,LVDPA0913,893,756,177
2019,7,LVDPA0916,865,805,76
2019,7,LVDPA0921,734,608,277
2019,7,LVDPA0922,739,605,62
2019,7,LVDPA0928,719,581,85
2019,7,LVDPA0935,857,743,168
2019,7,LVDPA0939,628,511,61
2019,7,LVDPA0941,717,516,67
2019,7,LVDPA0943,727,620,87
2019,7,LVDPA0945,682,539,69
2019,7,LVDPA0947,662,665,53
2019,7,LVDPA0948,739,601,84
2019,7,LVDPA0951,861,727,123
2019,7,LVDPA0952,842,730,332
2019,7,LVDPA0972,591,519,98
2019,7,LVDPA0973,764,629,53
2019,7,LVDPA0977,906,816,56
2019,7,LVDPA0985,915,744,58
2019,7,LVDPA0988,796,643,72
2019,7,LVDPA0989,832,705,51
2019,7,LVDPA0990,757,618,88
2019,7,LVDPA0991,808,659,58
2019,7,LVDPA0992,654,523,92
2019,7,LVDPA0997,702,561,96
2019,7,LVDPA1015,720,604,104
2019,7,LVDPA1024,722,564,101
2019,7,LVDPA1029,1614,1009,269
2019,7,LVDPA1031,705,612,81
2019,7,LVDPA1032,744,636,95
2019,7,LVDPA1038,647,467,52
2019,7,LVDPA1039,872,745,123
2019,7,LVDPA1041,818,679,61
2019,7,LVDPA1044,717,639,57
2019,7,LVDPA1047,765,717,51
2019,7,LVDPA1050,722,586,52
2019,7,LVDPA1054,946,760,360
2019,7,LVDPA1072,1016,890,893
2019,7,LVDPA1073,721,606,77
2019,7,LVDPA1074,820,790,50
2019,7,LVDPA1077,785,521,58
2019,7,LVDPA1078,776,654,121
2019,7,LVDPA1082,740,573,54
2019,7,LVDPA1088,764,637,53
2019,7,LVDPA1091,845,734,64
2019,7,LVDPA1097,795,772,64
2019,7,LVDPA1108,671,623,63
2019,7,LVDPA1127,752,704,74
2019,7,LVDPA1129,876,851,128
2019,7,LVDPA1130,973,780,579
2019,7,LVDPA1140,1547,970,318
2019,7,LVDPA1148,733,672,120
2019,7,LVDPA1151,2688,909,70
2019,7,LVDPA1154,945,808,148
2019,7,LVDPA1155,758,571,61
2019,7,LVDPA1167,652,530,81
2019,7,LVDPA1176,1105,832,514
2019,7,LVDPA1186,708,663,72
2019,7,LVDPA1188,896,764,214
2019,7,LVDPA1192,849,774,91
2019,7,LVDPA1198,942,727,84
2019,7,LVDPA1199,859,788,63
2019,7,LVDPA1210,1170,832,54
2019,7,LVDPA1226,845,840,55
2019,7,LVDPA1230,669,553,54
2019,7,LVDPA1231,727,599,63
2019,7,LVDPA1232,746,601,107
2019,7,LVDPA1236,850,779,79
2019,7,LVDPA1239,700,624,64
2019,7,LVDPA1241,1170,825,99
2019,7,LVDPA1243,1012,829,618
2019,7,LVDPA1253,767,583,69
2019,7,LVDPA1290,777,669,88
2019,7,LVDPA1317,767,610,101
2019,7,LVDPA1322,795,626,70
2019,7,LVDPA1334,1030,844,76
2019,7,LVDPA1335,842,763,118
2019,7,LVDPA1341,836,690,57
2019,7,LVDPA1344,871,699,54
2019,7,LVDPA1346,842,721,63
2019,7,LVDPA1369,828,688,144
2019,7,LVDPA1372,1171,925,692
2019,7,LVDPA1375,825,743,76
2019,7,LVDPA1388,785,704,54
2019,7,LVDPA1391,890,803,66
2019,7,LVDPA1397,1168,873,65
2019,7,LVDPA1404,696,578,61
2019,7,LVDPA1413,1021,816,61
2019,7,LVDPA1469,848,682,88
2019,7,LVDPA1475,998,810,275
2019,7,LVDPA1476,844,683,256
2019,7,LVDPA1477,1090,873,583
2019,7,LVDPA1479,1621,1034,363
2019,7,LVDPA1480,858,701,161
2019,7,LVDPA1481,722,583,120
2019,7,LVDPA1482,1615,1130,485
2019,7,LVDPA1484,977,727,93
2019,7,LVDPA1485,1142,799,249
2019,7,LVDPA1486,932,766,81
2019,7,LVDPA1487,852,672,76
2019,7,LVDPA1488,1006,826,144
2019,7,LVDPA1489,948,878,78
2019,7,LVDPA1490,1059,820,117
2019,7,LVDPA1491,1526,1181,195
2019,7,LVDPA1494,913,740,69
2019,7,LVDPA1496,1210,966,80
2019,7,LVDPA1497,1170,965,54
2019,7,LVDPA1499,1454,1066,206
2019,7,LVDPA1501,1076,827,78
2019,7,LVDPA1502,1360,1046,163
2019,7,LVDPA1503,1311,913,114
2019,7,LVDPA1507,1153,1015,87
2019,7,LVDPA1508,2239,1819,154
2019,7,LVDPA1511,1207,927,123
2019,7,LVDPA1512,1229,825,71
2019,7,LVDPA1515,1121,912,118
2019,7,LVDPA1525,1177,780,93
2019,7,LVDPA1530,1847,1352,144
2019,7,LVDPA1532,895,683,54
2019,7,LVDPA1535,1800,1129,113
2019,7,LVDPA1545,1313,935,80
2019,7,LVDPA1548,1117,742,60
2019,7,LVDPA1551,1338,1032,59
2019,7,LVDPA1576,914,783,119
2019,7,LVDPA1577,1657,1395,51
2019,7,LVDPA1589,1090,724,52
2019,7,LVDPA1594,998,785,57
2019,7,LVDPA1638,1300,1100,51