Year,Level,Code,Total,Value_added,Value_prod
2017,0,LV,805538,12449617708.93,31583355928.83
2017,1,LV003,94056,1359755556.47,3585905548.41
2017,1,LV005,93257,970446766.00,2377292880.13
2017,1,LV006,286548,4957678600.61,12196192460.58
2017,1,LV007,159141,2670287236.35,6793201844.41
2017,1,LV008,73510,973482966.77,2576006461.16
2017,1,LV009,93354,1387597567.70,3660396540.75
2017,1,UNK,5677,130369015.03,394360193.39
2017,3,0010000,286548,4957678600.61,12196192460.58
2017,3,0050000,32273,354512470.84,861967869.17
2017,3,0090000,24571,389797699.34,972432430.36
2017,3,0110000,9063,118858691.94,321489630.72
2017,3,0130000,21163,341782248.14,825882990.69
2017,3,0170000,27303,393136918.00,966581278.08
2017,3,0210000,11277,134135656.02,332759658.20
2017,3,0250000,10318,157600375.74,400122866.98
2017,3,0270000,14574,274296836.75,701694317.67
2017,3,0320200,3434,66173655.71,179849023.64
2017,3,0321000,1830,27379210.34,83365894.03
2017,3,0321400,1863,27855002.57,67253344.16
2017,3,0326100,1891,27091709.72,72567261.56
2017,3,0327100,1169,12169195.50,32990309.62
2017,3,0328200,1273,17800968.24,46787213.30
2017,3,0360200,5358,56967137.51,141092965.83
2017,3,0360800,1186,12180853.99,34564125.01
2017,3,0380200,4218,36781834.22,84649607.15
2017,3,0381600,1424,10776782.80,27470395.13
2017,3,0384400,316,2339253.12,6239755.61
2017,3,0387500,669,6576547.39,14875808.65
2017,3,0400200,9139,123011960.61,333107725.30
2017,3,0406400,3540,62374293.37,167377447.51
2017,3,0407700,1156,12397995.95,32264203.12
2017,3,0409500,3078,39810771.88,108954236.04
2017,3,0420200,7133,98262803.73,245738056.59
2017,3,0421200,1286,16083954.35,44394541.00
2017,3,0424701,1824,26129407.88,70147243.40
2017,3,0425700,728,8770387.50,26054799.13
2017,3,0427300,3184,42654268.65,113108453.20
2017,3,0427500,1474,19050022.29,49058527.98
2017,3,0427700,1097,13432743.20,39311192.02
2017,3,0429300,1305,16499035.94,44283482.35
2017,3,0440200,6496,60086532.61,152018600.44
2017,3,0440801,2178,21504163.27,41808504.67
2017,3,0460200,8245,130216979.97,392932412.49
2017,3,0460800,2440,32388311.27,84877855.36
2017,3,0468900,1305,22548463.73,55721485.29
2017,3,0500200,7867,96958537.18,270369183.09
2017,3,0540200,8301,121520850.68,309234212.61
2017,3,0546701,4151,71834874.89,180175465.73
2017,3,0560200,1446,16346255.78,43982696.52
2017,3,0560800,959,10040883.45,22924926.18
2017,3,0561800,1242,13912991.69,33970213.10
2017,3,0566900,1919,27867446.75,76528567.27
2017,3,0568700,1339,16199354.32,41609986.84
2017,3,0600202,4760,43356059.73,113434737.13
2017,3,0601000,2060,13853891.41,32362044.82
2017,3,0604300,931,6021551.65,15818989.35
2017,3,0620200,8262,96091999.90,246762179.76
2017,3,0621200,1529,19899116.79,49638868.94
2017,3,0624200,491,6284224.84,16722530.68
2017,3,0640600,2923,35327716.17,91506052.27
2017,3,0640801,971,11310091.04,30547139.11
2017,3,0641000,3384,45736439.50,120690855.19
2017,3,0641401,980,12216766.12,38158664.04
2017,3,0641600,1844,19212703.04,54086187.93
2017,3,0647900,1258,16138506.82,47147367.66
2017,3,0648500,509,5689338.20,19261030.89
2017,3,0649300,827,9397878.59,27263478.88
2017,3,0660200,6370,81739116.06,207334551.27
2017,3,0661000,1554,18718584.53,48572129.72
2017,3,0661400,2934,39568926.43,97280846.42
2017,3,0680200,4131,34014035.20,81572315.29
2017,3,0681000,1736,13282397.81,32100421.57
2017,3,0681801,856,6567944.05,17908831.37
2017,3,0684901,763,4850900.86,10792725.07
2017,3,0700200,8456,111645655.84,289462319.19
2017,3,0700800,915,9510076.30,27677133.10
2017,3,0701400,903,14962710.00,35807356.87
2017,3,0701800,1070,11991479.25,33578490.27
2017,3,0705500,997,12176858.46,31992764.44
2017,3,0740202,14037,204789009.94,555708025.14
2017,3,0740600,4213,85692894.46,201923787.22
2017,3,0741001,2225,38971904.19,93503668.98
2017,3,0741401,4143,58529098.25,149567856.81
2017,3,0760202,3480,39190767.74,108148242.92
2017,3,0761201,3990,61501043.09,140557027.17
2017,3,0766300,1393,12662305.75,33941839.07
2017,3,0769101,445,3917712.74,11120544.43
2017,3,0780200,7982,83367040.82,209949440.94
2017,3,0781800,1879,21147874.88,47795521.98
2017,3,0800600,2275,34551808.63,95159116.78
2017,3,0800800,10566,191172829.81,521859295.30
2017,3,0801000,9012,155278194.87,387438010.58
2017,3,0801200,10206,195972961.33,472081003.84
2017,3,0801400,2389,35272510.74,88067527.45
2017,3,0801601,7420,121943027.41,310388703.62
2017,3,0801800,3342,62986868.24,172214895.21
2017,3,0804400,5118,96432142.07,233480664.15
2017,3,0804900,4604,85352877.42,222567448.28
2017,3,0805200,4113,75186605.32,181284381.45
2017,3,0806000,3807,94008034.60,221679251.59
2017,3,0806900,2095,31655383.88,83032429.75
2017,3,0807400,1461,22219889.36,58004613.04
2017,3,0807600,9602,207558976.26,556945882.43
2017,3,0808400,3017,45991908.67,117561101.83
2017,3,0809200,932,13832457.85,38443410.97
2017,3,0809600,4811,91973667.67,222477058.43
2017,3,0840200,8853,130928327.71,370085011.28
2017,3,0840601,2170,37520705.26,117939588.65
2017,3,0880200,10685,144194533.68,419021968.44
2017,3,0885100,1319,16799722.79,44719406.14
2017,3,0887600,548,6147192.52,15200756.93
2017,3,0888301,1339,15139226.98,38375696.30
2017,3,0900200,11374,156302035.32,412960559.01
2017,3,0901201,2834,33367248.30,90605940.30
2017,3,0905100,2675,36597337.82,93807698.54
2017,3,0905700,849,12838688.78,33368995.61
2017,3,0940200,2972,34105438.05,93016764.44
2017,3,0941600,4849,78909174.68,236930914.63
2017,3,0941800,1050,11366038.61,30772825.00
2017,3,0960200,2348,31846235.88,83211147.02
2017,3,0961000,994,10450184.13,23593788.30
2017,3,0961600,1707,19562866.71,46958955.79
2017,3,0964700,1145,18034016.80,48427532.89
2017,3,0967101,2733,37061416.42,100296438.34
2017,3,0967300,611,7271287.68,16034594.30
2017,3,0980200,4287,64287311.77,170503169.57
2017,3,UNK,5677,130369015.03,394360193.39
2017,4,0010000,286548,4957678600.61,12196192460.58
2017,4,0050000,32273,354512470.84,861967869.17
2017,4,0090000,24571,389797699.34,972432430.36
2017,4,0110000,9063,118858691.94,321489630.72
2017,4,0130000,21163,341782248.14,825882990.69
2017,4,0170000,27303,393136918.00,966581278.08
2017,4,0210000,11277,134135656.02,332759658.20
2017,4,0250000,10318,157600375.74,400122866.98
2017,4,0270000,14574,274296836.75,701694317.67
2017,4,0320201,3007,58320776.03,156317645.30
2017,4,0320244,425,7826596.57,23436349.63
2017,4,0321007,627,9783114.06,31084668.96
2017,4,0321027,25,284340.75,770876.38
2017,4,0321050,315,4389680.27,12869346.86
2017,4,0321078,302,4403801.98,12707413.99
2017,4,0321080,305,5728099.94,17679738.96
2017,4,0321084,108,1236811.76,3088555.85
2017,4,0321086,147,1526941.51,5118015.69
2017,4,0321413,1179,17718853.11,42200288.04
2017,4,0321442,240,3774873.73,8725302.62
2017,4,0321458,233,3406755.98,8982251.90
2017,4,0321492,211,2954519.75,7345501.60
2017,4,0326146,357,4631555.71,12401745.33
2017,4,0326154,153,1662758.44,3880345.00
2017,4,0326160,1380,20790925.77,56266912.77
2017,4,0327166,334,3729904.59,11054799.41
2017,4,0327170,542,5340418.03,13926380.98
2017,4,0327174,122,1275583.60,3194033.50
2017,4,0327196,170,1820496.08,4811181.33
2017,4,0328200,1273,17800968.24,46787213.30
2017,4,0360201,2734,27480874.01,67440035.42
2017,4,0360242,463,6585425.88,14689360.32
2017,4,0360244,127,1670206.62,4950820.11
2017,4,0360252,106,1464850.24,3758364.22
2017,4,0360256,359,4074701.19,11252434.26
2017,4,0360258,160,1721201.92,3710990.78
2017,4,0360260,151,1954579.18,4633767.94
2017,4,0360264,47,360442.28,1017530.39
2017,4,0360268,224,1866505.21,4475986.95
2017,4,0360272,103,916073.25,2488994.24
2017,4,0360274,163,1316464.31,3112569.87
2017,4,0360276,91,966279.16,2391224.20
2017,4,0360280,144,1159261.14,2662414.80
2017,4,0360288,100,1620015.01,3777607.08
2017,4,0360294,114,1037923.75,2998778.62
2017,4,0360296,269,2747858.37,7633850.19
2017,4,0360805,310,2867733.82,7446633.88
2017,4,0360825,128,1291834.40,3589199.31
2017,4,0360848,309,2778391.96,8701753.39
2017,4,0360884,229,2230695.58,7691186.22
2017,4,0360890,210,3012198.23,7135352.21
2017,4,0380201,2378,20983993.98,46126619.26
2017,4,0380246,201,1599498.84,4072226.71
2017,4,0380248,120,1058019.51,2870776.59
2017,4,0380250,242,1909800.99,4626727.99
2017,4,0380252,152,1408940.08,2823649.52
2017,4,0380256,99,768440.11,2200234.23
2017,4,0380258,418,4068333.01,9802214.94
2017,4,0380266,58,371200.04,1056081.40
2017,4,0380286,297,2373974.42,5635614.73
2017,4,0380290,96,1088888.69,2483426.71
2017,4,0380294,155,1126561.65,2916615.40
2017,4,0381615,424,3002191.80,7325304.09
2017,4,0381660,63,386101.68,863859.02
2017,4,0381670,203,1871261.05,4570622.10
2017,4,0381678,134,1329556.19,3501089.78
2017,4,0381682,301,2022837.23,5353812.15
2017,4,0381692,117,797814.70,2242391.16
2017,4,0381698,182,1367020.15,3613316.83
2017,4,0384400,316,2339253.12,6239755.61
2017,4,0387564,239,2162059.46,5436547.71
2017,4,0387574,430,4414487.93,9439260.94
2017,4,0400201,3508,45068105.82,116948774.92
2017,4,0400246,444,5497135.78,14793032.86
2017,4,0400250,636,10193734.48,28741151.75
2017,4,0400252,913,11729308.65,30789851.35
2017,4,0400256,195,2781075.77,8126362.41
2017,4,0400260,875,13150718.76,44837930.34
2017,4,0400268,1398,19072925.41,50953629.63
2017,4,0400272,487,6932491.35,17719862.90
2017,4,0400292,681,8576330.73,20184880.62
2017,4,0406400,3540,62374293.37,167377447.51
2017,4,0407776,659,7259435.17,18588928.09
2017,4,0407788,232,2212253.36,6520440.53
2017,4,0407796,265,2926307.42,7154834.50
2017,4,0409544,248,3143568.36,8045940.15
2017,4,0409562,195,2717796.82,8042040.56
2017,4,0409580,397,5026910.54,12898857.41
2017,4,0409584,273,3394488.85,8274122.67
2017,4,0409590,330,5014091.06,13499725.61
2017,4,0409594,1635,20513916.25,58193549.64
2017,4,0420201,6589,91038295.35,227731086.33
2017,4,0420290,534,7050875.14,17579427.44
2017,4,0421211,372,5142498.02,14934816.16
2017,4,0421262,913,10911657.89,29386760.84
2017,4,0424742,216,2856187.79,7532856.70
2017,4,0424746,880,14507672.85,37436801.62
2017,4,0424768,284,3218305.15,9149086.05
2017,4,0424778,189,1982694.33,5841319.70
2017,4,0424796,254,3559400.26,10181611.08
2017,4,0425756,613,7609361.19,22760248.84
2017,4,0425798,115,1161026.31,3294550.29
2017,4,0427360,1072,14322345.05,36955419.07
2017,4,0427364,256,3777427.34,9890159.61
2017,4,0427372,1666,22139038.81,59779913.30
2017,4,0427394,188,2388424.14,6415906.94
2017,4,0427574,550,7396740.70,18942551.71
2017,4,0427580,417,5422940.94,13516667.24
2017,4,0427582,505,6221596.77,16579201.03
2017,4,0427748,254,3130573.23,8508474.52
2017,4,0427776,843,10302169.97,30802717.50
2017,4,0429350,256,3338796.38,9946240.09
2017,4,0429354,233,2874110.47,8402079.44
2017,4,0429358,87,892798.27,2249983.44
2017,4,0429386,295,4044948.17,11477616.80
2017,4,0429392,434,5348382.65,12207562.58
2017,4,0440242,97,1008148.52,2217932.36
2017,4,0440246,107,753848.31,1595957.08
2017,4,0440250,368,3802735.82,10506738.62
2017,4,0440252,155,1073488.26,2491681.73
2017,4,0440260,618,6294623.50,16766830.93
2017,4,0440262,297,2171617.04,5214397.50
2017,4,0440264,388,3880949.53,9414398.37
2017,4,0440268,344,3740589.99,10693187.94
2017,4,0440270,197,1336080.87,3205404.69
2017,4,0440272,247,1609962.17,3824594.00
2017,4,0440274,1698,16757928.28,42221346.31
2017,4,0440276,182,2675813.47,6160671.96
2017,4,0440284,166,1537040.39,3809989.85
2017,4,0440286,323,2624569.53,7794327.10
2017,4,0440288,289,2190789.76,5346646.90
2017,4,0440292,247,2276724.16,5374533.67
2017,4,0440294,191,1995009.56,4307224.86
2017,4,0440296,125,1048429.72,3202563.04
2017,4,0440298,455,3301360.64,7848417.10
2017,4,0440807,784,7862755.76,15841383.38
2017,4,0440815,173,1724694.35,3186043.18
2017,4,0440835,88,948894.20,1855998.18
2017,4,0440844,241,1927271.62,3834543.75
2017,4,0440854,145,1457089.68,774824.15
2017,4,0440856,208,1650699.51,3085841.54
2017,4,0440880,289,3118347.00,6732364.31
2017,4,0440890,249,2804993.68,6468189.80
2017,4,0460201,4130,67246935.35,214748859.48
2017,4,0460242,313,4105642.30,10148736.18
2017,4,0460246,1005,16130893.11,48539398.05
2017,4,0460252,674,8789594.55,26617562.63
2017,4,0460254,327,4163666.69,12242623.88
2017,4,0460260,278,4545171.50,13059899.95
2017,4,0460268,377,6675586.59,16030709.02
2017,4,0460272,435,8101044.32,21327474.13
2017,4,0460280,245,3821780.61,11250647.89
2017,4,0460284,320,4746494.04,12872257.18
2017,4,0460298,141,1890170.91,6094244.10
2017,4,0460805,891,11468832.11,28827841.16
2017,4,0460825,259,3626409.13,8422449.71
2017,4,0460850,572,7975325.44,21546441.13
2017,4,0460864,143,2090758.65,8257416.47
2017,4,0460876,175,2404822.61,5966377.25
2017,4,0460890,95,1401473.74,3085135.21
2017,4,0460894,305,3420689.59,8772194.43
2017,4,0468944,340,4113502.26,10445093.41
2017,4,0468956,181,2987081.43,6923490.65
2017,4,0468988,784,15447880.04,38352901.23
2017,4,0500201,3087,38905083.63,101985220.88
2017,4,0500244,493,5502965.05,15214893.24
2017,4,0500248,353,4926339.78,13922638.25
2017,4,0500252,164,2260324.78,6670882.69
2017,4,0500256,192,2029260.43,6186897.07
2017,4,0500260,351,3600291.47,11024192.20
2017,4,0500264,549,6979143.17,21554833.68
2017,4,0500268,251,2709550.60,7057790.92
2017,4,0500272,531,7108863.32,22241416.11
2017,4,0500276,128,1472848.42,4306602.04
2017,4,0500284,477,5651233.88,16340163.00
2017,4,0500288,354,3857590.74,9801305.72
2017,4,0500290,643,7921373.59,22541115.86
2017,4,0500294,292,4002056.28,11467927.44
2017,4,0540248,637,9757432.80,23483127.15
2017,4,0540252,1082,16851766.03,44222282.68
2017,4,0540256,1058,15907842.96,43103603.03
2017,4,0540258,668,10602862.91,26310200.13
2017,4,0540260,255,4295811.43,9976544.64
2017,4,0540262,761,10839500.25,26503280.55
2017,4,0540270,556,7747284.53,19903960.56
2017,4,0540274,504,6619784.63,17656122.80
2017,4,0540282,678,8926953.57,21080561.64
2017,4,0540286,691,11354598.29,27330211.21
2017,4,0540290,464,5758086.50,15589274.90
2017,4,0540292,468,6391876.91,16931051.00
2017,4,0540296,471,6377182.50,16963736.36
2017,4,0546744,1838,30735041.40,83875214.77
2017,4,0546766,1698,32716318.17,74379597.61
2017,4,0546778,610,8344068.08,21795546.83
2017,4,0560248,308,4533222.53,11525546.63
2017,4,0560252,155,1090880.93,2630164.11
2017,4,0560254,164,1730136.91,3900744.08
2017,4,0560266,170,2023794.82,5860673.37
2017,4,0560274,142,1602540.12,4873352.34
2017,4,0560282,245,2354986.97,6147384.61
2017,4,0560298,262,3010693.50,9044831.38
2017,4,0560805,444,5576946.55,13308788.48
2017,4,0560825,143,1200343.47,2633248.06
2017,4,0560844,130,1735226.63,3627139.60
2017,4,0560862,241,1499790.20,3281864.59
2017,4,0561815,566,5686939.76,14545554.01
2017,4,0561835,201,2277862.03,5794821.92
2017,4,0561858,143,1761534.05,4448473.82
2017,4,0561880,162,2457931.70,5223162.37
2017,4,0561888,170,1728724.15,3958200.98
2017,4,0566946,199,2556865.20,7371192.30
2017,4,0566968,301,4786453.88,14726120.72
2017,4,0566970,633,8312865.90,24666927.97
2017,4,0566976,201,2359447.60,6166162.94
2017,4,0566994,385,4980699.33,11917377.77
2017,4,0566996,200,4871114.84,11680785.57
2017,4,0568786,1093,13413730.99,35004195.40
2017,4,0568790,245,2770891.18,6580265.49
2017,4,0600201,2935,27507521.23,72644387.01
2017,4,0600248,113,1078014.09,2808058.14
2017,4,0600262,218,1850778.28,4192119.85
2017,4,0600264,166,1560925.92,2676321.31
2017,4,0600268,135,1186171.07,3017493.12
2017,4,0600270,124,1434226.98,4317722.87
2017,4,0600274,133,1459158.80,3745068.39
2017,4,0600278,127,1187906.84,3241137.89
2017,4,0600284,101,536448.29,1698578.60
2017,4,0600286,226,1038761.01,3156500.51
2017,4,0600288,149,1073262.74,2640880.48
2017,4,0600296,333,3442884.48,9296468.96
2017,4,0601009,730,5633051.66,11797332.07
2017,4,0601042,276,1722293.22,4354278.97
2017,4,0601044,128,720398.98,1805823.57
2017,4,0601046,112,529776.44,1083993.69
2017,4,0601050,62,423389.54,1063192.95
2017,4,0601054,184,1447501.82,3085561.67
2017,4,0601056,204,1619117.92,4227318.78
2017,4,0601076,112,524886.09,1213514.11
2017,4,0601080,40,276378.54,871256.41
2017,4,0601090,78,442733.83,1360111.44
2017,4,0601092,133,514263.12,1493797.91
2017,4,0604342,544,3819832.13,10433865.86
2017,4,0604358,84,641146.04,1615664.98
2017,4,0604372,174,755006.25,1724202.76
2017,4,0604394,128,793695.02,2012461.61
2017,4,0620201,4105,48868825.87,121083059.68
2017,4,0620246,262,2459050.80,6679204.27
2017,4,0620250,148,1420940.20,3421175.06
2017,4,0620254,112,1214168.20,3621504.42
2017,4,0620258,215,2570210.35,7247093.51
2017,4,0620260,722,7888503.18,22353007.75
2017,4,0620264,327,2843453.28,6873384.01
2017,4,0620272,379,3967558.31,10556698.96
2017,4,0620274,399,4297554.75,11133679.36
2017,4,0620280,286,4692610.91,10927080.68
2017,4,0620284,510,8231550.89,22399172.69
2017,4,0620290,220,2335409.24,7077065.33
2017,4,0620292,268,2263590.08,5472969.55
2017,4,0620296,306,3025227.81,7900759.70
2017,4,0621209,707,9008732.21,22784659.18
2017,4,0621229,291,3502893.15,9321649.62
2017,4,0621268,140,1469038.47,3720230.23
2017,4,0621278,123,2921850.03,6225289.93
2017,4,0621282,267,2992995.93,7581445.98
2017,4,0624200,491,6284224.84,16722530.68
2017,4,0640605,1591,19972381.86,50283415.96
2017,4,0640642,266,3596618.22,10309991.61
2017,4,0640648,326,4042935.23,9394348.60
2017,4,0640666,227,2695123.32,6812497.22
2017,4,0640668,355,3218757.66,9736593.59
2017,4,0640672,155,1791652.43,4928590.50
2017,4,0640807,204,1954793.32,5326817.79
2017,4,0640827,117,1199155.54,2743017.10
2017,4,0640850,228,3176187.52,9195892.38
2017,4,0640888,295,3803653.57,9819933.42
2017,4,0640894,126,1164096.10,3444730.72
2017,4,0641009,1571,21324215.91,56981957.99
2017,4,0641044,217,2762765.71,7047432.39
2017,4,0641056,260,3362862.29,9079024.63
2017,4,0641060,819,11358945.42,30092223.71
2017,4,0641076,516,6918071.87,17475460.27
2017,4,0641413,372,3772509.23,11365811.32
2017,4,0641486,133,1575537.05,3638234.91
2017,4,0641496,475,6868719.84,23154617.81
2017,4,0641615,748,8726340.97,23320157.65
2017,4,0641646,266,2782258.34,6918875.18
2017,4,0641658,190,1486124.81,4742701.33
2017,4,0641664,203,2133066.97,5123251.67
2017,4,0641682,155,1413456.60,4057630.24
2017,4,0641698,282,2671455.35,9923571.86
2017,4,0647978,975,12614144.29,36697043.16
2017,4,0647980,283,3524362.53,10450324.50
2017,4,0648552,186,2087065.45,5098616.34
2017,4,0648584,323,3602272.75,14162414.55
2017,4,0649354,116,1112559.27,3567580.56
2017,4,0649392,711,8285319.32,23695898.32
2017,4,0660201,2915,38768179.25,100105544.53
2017,4,0660252,380,5272508.49,13273007.55
2017,4,0660264,816,10289342.16,25005576.96
2017,4,0660268,234,2246443.76,4822181.10
2017,4,0660276,733,10157214.65,26579248.77
2017,4,0660280,374,4065762.18,10968584.46
2017,4,0660284,513,6253994.79,15042517.28
2017,4,0660288,404,4681095.87,11532159.03
2017,4,0661007,421,5211560.80,13248992.97
2017,4,0661017,303,3672848.11,9263338.15
2017,4,0661027,229,3474169.03,9610634.32
2017,4,0661037,135,1768354.28,4372537.17
2017,4,0661044,184,1529717.88,3802303.17
2017,4,0661048,282,3061934.43,8274323.94
2017,4,0661405,304,3700793.79,8893045.10
2017,4,0661415,1088,16031392.69,38793990.58
2017,4,0661425,152,1582046.84,4066133.11
2017,4,0661435,738,9393434.22,25166694.84
2017,4,0661460,651,8854161.72,20346692.12
2017,4,0680201,2884,24302281.22,57323999.13
2017,4,0680246,126,950694.07,2952916.18
2017,4,0680250,200,1880437.06,4455903.69
2017,4,0680258,304,2217327.24,5218814.55
2017,4,0680260,111,758770.75,1908274.66
2017,4,0680278,95,578280.91,1267854.56
2017,4,0680280,99,908403.43,2087431.32
2017,4,0680286,142,767312.45,2336093.94
2017,4,0680288,84,778691.38,1568525.07
2017,4,0680292,85,865276.69,2445942.19
2017,4,0681009,663,4958906.61,11471311.36
2017,4,0681054,82,395221.05,1050485.71
2017,4,0681068,357,2130289.21,4961292.77
2017,4,0681070,260,2951372.53,6658288.16
2017,4,0681072,194,1381685.43,4016749.27
2017,4,0681094,180,1464922.98,3942294.30
2017,4,0681817,508,3815391.51,9491432.60
2017,4,0681864,55,391559.63,1465716.82
2017,4,0681884,162,1363459.44,4394708.00
2017,4,0681896,131,997533.47,2556973.95
2017,4,0684944,121,793985.99,2036783.76
2017,4,0684948,223,1536563.58,3023908.55
2017,4,0684966,59,312918.07,716126.13
2017,4,0684990,155,1066841.22,2649587.13
2017,4,0684998,205,1140592.00,2366319.50
2017,4,0700201,2959,34886510.73,88868885.91
2017,4,0700242,436,5394058.33,17695416.86
2017,4,0700244,412,5562113.31,13271472.16
2017,4,0700246,568,8532999.90,23412297.75
2017,4,0700250,399,4805431.42,12231912.52
2017,4,0700262,637,16352385.84,36820456.71
2017,4,0700266,262,3718440.39,9871963.47
2017,4,0700268,393,4675440.09,12730665.13
2017,4,0700270,413,5059704.61,13229950.19
2017,4,0700274,283,2985181.53,9472768.95
2017,4,0700276,190,2018568.92,5312070.59
2017,4,0700282,300,3080250.21,7620217.57
2017,4,0700286,517,6546470.63,17422575.73
2017,4,0700290,480,5868039.10,14892596.53
2017,4,0700296,201,2138432.27,6550046.89
2017,4,0700807,583,6358197.80,18743560.93
2017,4,0700827,332,3151878.50,8933572.17
2017,4,0701413,659,10894110.68,26045762.00
2017,4,0701458,244,4068599.32,9761594.87
2017,4,0701817,644,7747506.16,21698434.61
2017,4,0701878,216,2154540.18,5919167.22
2017,4,0701894,209,2059286.65,5909071.39
2017,4,0705554,743,8701772.84,22016329.96
2017,4,0705560,105,1394374.07,3872854.38
2017,4,0705592,149,2080711.55,6103580.10
2017,4,0740201,10212,152605606.35,418596156.75
2017,4,0740252,203,2659083.33,6728169.03
2017,4,0740256,276,3522562.63,10560854.89
2017,4,0740260,223,2911023.43,7669019.33
2017,4,0740268,599,6885055.45,16989023.15
2017,4,0740272,149,1731307.79,5067218.35
2017,4,0740276,163,1845350.98,5314619.41
2017,4,0740280,1238,19399699.55,45344528.56
2017,4,0740288,717,9414591.12,28784088.35
2017,4,0740292,248,3664801.53,9277271.12
2017,4,0740605,3069,64024542.68,145721335.27
2017,4,0740625,1144,21668351.78,56202451.95
2017,4,0741009,977,21248312.06,47261264.35
2017,4,0741029,269,3928459.93,9626596.58
2017,4,0741044,552,8236238.02,21168940.29
2017,4,0741084,427,5558894.18,15446867.76
2017,4,0741413,2614,39386961.22,97862927.35
2017,4,0741433,374,5791012.12,14061422.36
2017,4,0741448,745,8700768.12,24471506.12
2017,4,0741464,408,4630174.46,13123725.53
2017,4,0760201,2620,30268976.64,84887216.65
2017,4,0760244,161,1883187.34,5580556.12
2017,4,0760256,152,1053281.91,3334818.31
2017,4,0760258,306,3621808.48,9062211.38
2017,4,0760274,241,2363513.37,5283440.46
2017,4,0761211,2752,45437695.09,104646038.58
2017,4,0761252,237,2962631.04,6994695.68
2017,4,0761266,358,4482231.51,10073848.47
2017,4,0761268,238,2406873.61,4963159.27
2017,4,0761282,154,1575648.15,3937735.43
2017,4,0761286,250,4635963.69,9941549.74
2017,4,0766348,211,1744349.26,4449892.93
2017,4,0766362,390,3738610.06,10558852.63
2017,4,0766370,375,3369179.32,8685074.40
2017,4,0766376,74,414762.84,1126345.29
2017,4,0766378,136,1518662.06,3865812.89
2017,4,0766380,207,1876742.21,5255860.93
2017,4,0769164,146,1164429.76,3411240.91
2017,4,0769190,189,1859282.30,5076897.15
2017,4,0769194,110,894000.68,2632406.37
2017,4,0780242,299,3256890.48,8737811.02
2017,4,0780244,201,1640628.16,4195486.81
2017,4,0780246,352,3854761.47,9756343.33
2017,4,0780250,251,1688009.94,4506418.84
2017,4,0780252,204,1556052.11,3869715.22
2017,4,0780254,256,2501194.99,6326175.49
2017,4,0780256,636,8511770.55,20742880.69
2017,4,0780258,190,2538751.62,7011260.27
2017,4,0780260,115,1464064.66,4207353.00
2017,4,0780262,327,3368698.93,7728404.12
2017,4,0780266,190,2371853.80,5270668.86
2017,4,0780268,291,2534002.96,5997024.58
2017,4,0780270,928,7995100.19,20968535.86
2017,4,0780272,131,1514397.21,3819489.86
2017,4,0780274,116,1199338.01,3014144.57
2017,4,0780276,646,7784018.79,19489101.89
2017,4,0780278,298,4141958.37,10226503.85
2017,4,0780280,93,1130244.63,2336867.12
2017,4,0780282,200,2114513.34,4800759.83
2017,4,0780284,291,2550704.44,6699814.25
2017,4,0780286,376,4363136.89,11846307.57
2017,4,0780288,641,5372969.24,13607084.50
2017,4,0780292,194,1713204.74,4374086.35
2017,4,0780294,214,1654748.41,4753374.78
2017,4,0780296,539,6533449.75,15569620.23
2017,4,0781817,1009,10999496.98,25172364.47
2017,4,0781848,232,2757760.09,7111084.25
2017,4,0781890,166,2073501.34,3984312.04
2017,4,0781898,471,5312613.22,11503566.47
2017,4,0800605,1571,23896212.86,64933335.01
2017,4,0800625,703,10655181.94,30223203.86
2017,4,0800807,3122,60686921.44,190588831.60
2017,4,0800856,482,8364629.85,20021858.76
2017,4,0800870,6957,122103123.61,311098634.44
2017,4,0801009,5133,91673405.11,230313122.93
2017,4,0801080,3874,63590599.59,157093530.34
2017,4,0801211,8099,153516454.87,363108268.88
2017,4,0801231,2099,42408208.87,108838930.23
2017,4,0801413,1211,17493469.25,44159211.75
2017,4,0801433,1177,17718971.65,43806503.03
2017,4,0801615,4916,81830426.14,201796896.01
2017,4,0801642,701,12688137.35,36116749.64
2017,4,0801666,237,2910442.09,7585084.58
2017,4,0801694,1565,24488880.14,64854716.11
2017,4,0801817,1497,28147954.40,70541057.61
2017,4,0801864,1843,34822305.94,101642852.92
2017,4,0804400,5118,96432142.07,233480664.15
2017,4,0804948,3954,75550725.64,197631275.51
2017,4,0804988,649,9801122.47,24914636.93
2017,4,0805200,4113,75186605.32,181284381.45
2017,4,0806000,3807,94008034.60,221679251.59
2017,4,0806956,521,7387774.43,23350953.21
2017,4,0806968,1574,24267609.45,59681476.54
2017,4,0807400,1461,22219889.36,58004613.04
2017,4,0807600,9602,207558976.26,556945882.43
2017,4,0808400,3017,45991908.67,117561101.83
2017,4,0809200,932,13832457.85,38443410.97
2017,4,0809600,4811,91973667.67,222477058.43
2017,4,0840201,4131,63970362.08,190540036.95
2017,4,0840248,357,3650806.13,8578736.94
2017,4,0840256,93,1417498.37,3997946.49
2017,4,0840258,216,2570967.98,7354282.90
2017,4,0840262,270,4488310.41,13633832.22
2017,4,0840266,454,6534541.54,17877764.11
2017,4,0840270,470,5107763.51,13718775.82
2017,4,0840272,602,9481834.06,27345047.93
2017,4,0840276,270,5021160.00,10102549.11
2017,4,0840282,226,2142742.81,6656424.97
2017,4,0840286,635,9735635.11,25283838.35
2017,4,0840288,154,1603857.49,4894295.15
2017,4,0840292,118,1183867.21,3405040.14
2017,4,0840294,181,2262692.10,6444210.62
2017,4,0840296,553,10280593.54,25855011.17
2017,4,0840298,117,1302694.15,3735075.17
2017,4,0840605,1165,22543976.15,73258301.77
2017,4,0840625,331,4576847.86,14756423.28
2017,4,0840644,245,3325962.94,8234224.84
2017,4,0840652,201,2939786.91,9372833.47
2017,4,0840680,228,4134131.40,12317805.29
2017,4,0880201,3752,50506295.21,145311761.64
2017,4,0880213,462,6466552.08,17239600.68
2017,4,0880215,622,9522259.13,28316809.83
2017,4,0880217,476,5552762.81,13544659.96
2017,4,0880237,246,3115732.33,8515974.93
2017,4,0880242,330,4528280.99,12605251.30
2017,4,0880246,287,3933220.32,9383229.31
2017,4,0880254,804,11583504.65,32770006.47
2017,4,0880258,156,2034196.88,6948827.76
2017,4,0880264,129,1820011.49,5839775.38
2017,4,0880268,664,8351069.43,24645394.17
2017,4,0880270,464,5961654.47,21700563.89
2017,4,0880272,695,9291701.58,26772048.63
2017,4,0880274,172,1332718.80,4009837.06
2017,4,0880286,121,1270386.36,3247817.81
2017,4,0880292,415,7249870.51,20902446.18
2017,4,0880294,582,6822572.58,22256702.33
2017,4,0880296,296,4699611.77,14559770.15
2017,4,0885150,985,13365583.93,35186018.06
2017,4,0885162,334,3434138.86,9533388.08
2017,4,0887600,548,6147192.52,15200756.93
2017,4,0888301,1339,15139226.98,38375696.30
2017,4,0900201,7079,95695194.17,254610724.18
2017,4,0900246,233,4383025.02,9716534.01
2017,4,0900248,504,7319313.68,18058342.55
2017,4,0900254,468,5131821.23,13008466.19
2017,4,0900258,302,4119235.84,12005689.02
2017,4,0900268,227,3179952.92,7087220.70
2017,4,0900274,570,7308328.67,24231968.37
2017,4,0900278,461,6975900.38,18910952.97
2017,4,0900280,653,9266560.30,22683742.77
2017,4,0900284,706,10946456.00,27499983.33
2017,4,0900296,159,1843059.95,4870759.32
2017,4,0901211,1409,15697897.43,41890591.33
2017,4,0901244,192,2170928.12,6119518.86
2017,4,0901262,418,5227110.27,14821851.89
2017,4,0901270,183,1722859.46,4461204.25
2017,4,0901288,235,3770103.31,10828498.05
2017,4,0901292,165,2275648.27,5562293.04
2017,4,0901294,230,2476583.74,6846080.38
2017,4,0905150,887,10956979.66,30708169.42
2017,4,0905166,855,12634281.14,29299241.51
2017,4,0905182,932,12989919.77,33730767.67
2017,4,0905756,746,11840194.60,29851394.17
2017,4,0905790,103,998494.18,3517601.44
2017,4,0940201,1778,20753712.63,53732661.49
2017,4,0940252,306,2911305.62,8798672.26
2017,4,0940266,193,1806148.11,5302748.98
2017,4,0940288,329,4090636.13,11763395.06
2017,4,0940292,251,3341319.88,8577909.39
2017,4,0940296,110,1171255.42,4773559.72
2017,4,0941615,2223,38550424.86,112997222.85
2017,4,0941644,395,5097229.79,14505195.40
2017,4,0941646,315,4520535.34,15302882.63
2017,4,0941648,231,3571950.39,10203364.96
2017,4,0941658,286,3287830.69,10075281.04
2017,4,0941670,433,10743091.55,37595318.88
2017,4,0941674,344,4333218.73,11601524.64
2017,4,0941680,362,5142785.74,15714945.44
2017,4,0941690,257,3614992.04,8792721.51
2017,4,0941813,299,2850943.57,7684329.42
2017,4,0941817,425,4465267.16,11191447.76
2017,4,0941860,161,1914244.88,5363885.89
2017,4,0941876,165,2135583.00,6533161.93
2017,4,0960244,202,2752635.58,6908530.27
2017,4,0960252,393,4986287.26,12673440.11
2017,4,0960264,1126,15248290.35,40908369.29
2017,4,0960288,385,4926549.90,12545639.84
2017,4,0960296,241,3929426.79,10165181.51
2017,4,0961011,356,3545959.21,7758696.02
2017,4,0961031,211,2201044.55,5832277.31
2017,4,0961076,113,1004835.12,2340473.47
2017,4,0961082,87,888238.20,1954740.60
2017,4,0961084,227,2810107.05,5707600.90
2017,4,0961615,1100,12699269.03,29216824.19
2017,4,0961656,50,913051.16,2051336.22
2017,4,0961658,324,3591963.32,9466442.79
2017,4,0961668,91,821004.65,2159215.65
2017,4,0961694,141,1524079.55,3967285.94
2017,4,0964746,322,4554263.14,11977908.76
2017,4,0964762,525,7828626.44,22665182.43
2017,4,0964784,298,5651127.22,13784441.70
2017,4,0967148,384,4745474.92,12483868.36
2017,4,0967154,139,2133967.06,6745212.19
2017,4,0967170,273,3463882.73,8847895.24
2017,4,0967178,411,5661609.73,14991664.38
2017,4,0967190,1418,19833478.13,54015155.27
2017,4,0967192,108,1223003.85,3212642.90
2017,4,0967366,198,2580730.92,5411233.96
2017,4,0967372,413,4690556.76,10623360.34
2017,4,0980213,387,5521106.17,15006409.36
2017,4,0980233,135,1613951.40,4205661.44
2017,4,0980244,206,3176353.23,6935845.55
2017,4,0980250,93,1073963.91,2372930.86
2017,4,0980256,355,4249934.57,10483153.33
2017,4,0980260,305,3744121.84,10540093.78
2017,4,0980266,730,11907122.64,33228619.00
2017,4,0980270,719,11888875.35,28204819.70
2017,4,0980274,169,3254480.26,8002876.51
2017,4,0980278,202,3314215.30,8746570.88
2017,4,0980284,656,9745179.04,27815524.00
2017,4,0980290,149,2091071.40,7407880.11
2017,4,0980294,180,2706936.66,7552785.05
2017,4,UNK,5830,132051981.59,399947480.80
2017,5,0010001,190,4158533.40,8917083.46
2017,5,0010002,10861,161665300.69,388645184.36
2017,5,0010003,1789,45245531.90,106030790.71
2017,5,0010004,547,8171574.95,23055505.62
2017,5,0010005,15344,253960276.99,609307889.57
2017,5,0010006,3569,69588447.95,171333937.78
2017,5,0010007,995,16125261.41,41113799.82
2017,5,0010008,35,422877.62,1087601.25
2017,5,0010009,1060,16888972.80,42941268.00
2017,5,0010010,18915,315134032.20,801935960.25
2017,5,0010011,562,9433767.04,22715042.96
2017,5,0010012,5361,111197042.42,269705856.09
2017,5,0010013,6443,117580935.17,268953533.10
2017,5,0010014,7640,119708506.12,298412087.44
2017,5,0010015,11143,167486315.47,413786858.87
2017,5,0010016,121,2204492.97,5569411.45
2017,5,0010017,369,5299258.50,12908138.91
2017,5,0010018,9329,147485177.91,379075632.47
2017,5,0010019,115,1992685.88,4757900.66
2017,5,0010020,172,2375355.43,5967984.32
2017,5,0010021,1112,15683127.38,40810735.36
2017,5,0010022,3747,64110698.50,158876740.51
2017,5,0010023,21040,329341231.06,798039653.72
2017,5,0010024,325,5182681.66,15516488.06
2017,5,0010025,24963,421284256.41,1010924098.06
2017,5,0010026,13145,240478773.35,541359952.43
2017,5,0010027,11776,205781041.56,473123868.85
2017,5,0010028,8505,139140384.33,354033719.93
2017,5,0010029,101,1540531.86,3661665.78
2017,5,0010030,1598,27252978.78,61611271.19
2017,5,0010031,3547,71534441.35,158733001.31
2017,5,0010032,2971,45399654.18,132804055.25
2017,5,0010033,212,4712821.56,9447599.88
2017,5,0010034,14615,316039583.43,787621728.43
2017,5,0010035,40,303749.30,1020449.20
2017,5,0010036,2288,40476807.60,103884935.22
2017,5,0010037,1717,27867406.65,69424867.97
2017,5,0010038,2962,45231604.03,112979069.29
2017,5,0010039,535,8087186.03,22983008.90
2017,5,0010040,19570,319462333.87,770582657.57
2017,5,0010041,7715,148999402.64,353516642.27
2017,5,0010042,2331,48876500.25,123383960.00
2017,5,0010043,5123,81893844.43,204400811.70
2017,5,0010044,10156,161267891.41,385413557.59
2017,5,0010045,684,12471549.16,36198899.72
2017,5,0010046,1197,29158809.21,65585177.15
2017,5,0010047,770,38488166.91,146364711.93
2017,5,0010048,729,9826385.53,26471132.27
2017,5,0010049,394,11003588.52,26162982.35
2017,5,0010050,8775,144008933.53,383533755.09
2017,5,0010051,6270,122617564.61,321728550.55
2017,5,0010052,78,1080313.39,2798920.91
2017,5,0010053,6082,94229419.09,252912370.61
2017,5,0010054,2379,38312406.91,95022770.57
2017,5,0010055,187,3918741.66,9754511.79
2017,5,0010056,2880,47981665.32,115376688.68
2017,5,0010057,934,27736496.82,58681118.87
2017,5,0010058,663,10074503.15,26763741.63
2017,5,UNK,2088,34604902.36,82696502.90
2017,7,LVDPA0001,292196,5086384816.76,12460596414.96
2017,7,LVDPA0002,24807,392819110.86,978138025.93
2017,7,LVDPA0003,19580,317249696.86,768937542.03
2017,7,LVDPA0004,2559,37471797.86,93548727.13
2017,7,LVDPA0005,30507,335320555.21,813207204.96
2017,7,LVDPA0006,11881,141190329.64,349691073.53
2017,7,LVDPA0007,26424,379474302.61,934085006.23
2017,7,LVDPA0008,14517,272966704.03,701007209.09
2017,7,LVDPA0009,8865,116261667.74,312961266.98
2017,7,LVDPA0010,6777,94946884.03,238594130.69
2017,7,LVDPA0011,11389,171739377.13,437246507.92
2017,7,LVDPA0012,10828,161468295.20,440534140.98
2017,7,LVDPA0013,4599,73053591.18,213222039.17
2017,7,LVDPA0014,6835,91883357.00,246970021.36
2017,7,LVDPA0015,4705,54917166.24,138697943.49
2017,7,LVDPA0016,4867,63541594.53,166328838.15
2017,7,LVDPA0017,5940,98478506.42,245284888.88
2017,7,LVDPA0018,3121,28931647.07,76036906.33
2017,7,LVDPA0019,3206,39973558.91,104225345.46
2017,7,LVDPA0020,4362,71177852.22,226384880.50
2017,7,LVDPA0021,373,5423289.98,12628467.09
2017,7,LVDPA0022,3007,35620364.67,90427148.46
2017,7,LVDPA0023,2683,40272912.44,100021760.06
2017,7,LVDPA0024,2510,47286259.97,112615055.46
2017,7,LVDPA0025,3690,49169394.79,141752604.47
2017,7,LVDPA0026,3630,59485459.40,160917684.68
2017,7,LVDPA0027,1754,22168759.72,56830754.65
2017,7,LVDPA0028,2992,24665493.41,57883179.18
2017,7,LVDPA0029,2741,27891122.26,68693211.61
2017,7,LVDPA0030,2427,41492709.22,121478871.20
2017,7,LVDPA0031,3228,42535453.48,108439347.89
2017,7,LVDPA0032,2094,17928581.02,39798332.98
2017,7,LVDPA0033,2807,46071177.63,106456613.70
2017,7,LVDPA0034,176,2955850.24,7812516.44
2017,7,LVDPA0035,1088,15250690.63,40236110.99
2017,7,LVDPA0036,1104,11787631.27,27150129.79
2017,7,LVDPA0037,3113,63003133.64,143907305.89
2017,7,LVDPA0038,963,10667059.61,24807073.56
2017,7,LVDPA0039,843,12325752.46,28589289.76
2017,7,LVDPA0040,825,7160184.20,18918304.38
2017,7,LVDPA0041,688,5161608.93,11902366.67
2017,7,LVDPA0042,1773,20572171.21,52589265.22
2017,7,LVDPA0043,737,8730794.84,24409383.26
2017,7,LVDPA0044,1490,22713077.30,61409113.79
2017,7,LVDPA0045,435,3078046.34,7445004.10
2017,7,LVDPA0046,1045,15450150.97,41712197.28
2017,7,LVDPA0047,1424,15853686.33,42570552.61
2017,7,LVDPA0048,1722,23568491.54,62811699.23
2017,7,LVDPA0050,834,6405813.76,13540995.80
2017,7,LVDPA0051,1116,14635099.13,35923494.21
2017,7,LVDPA0052,515,3895813.04,9572442.28
2017,7,LVDPA0053,2687,31079381.06,86797195.52
2017,7,LVDPA0054,635,9703213.10,32413956.21
2017,7,LVDPA0055,790,9065598.63,24729369.05
2017,7,LVDPA0056,995,10323982.12,26281466.79
2017,7,LVDPA0057,476,4863626.64,12394612.97
2017,7,LVDPA0059,3117,68385286.50,157074816.01
2017,7,LVDPA0060,2292,41719837.06,111688523.82
2017,7,LVDPA0061,8914,180687559.68,440575076.11
2017,7,LVDPA0062,1136,17162489.87,40866035.19
2017,7,LVDPA0063,729,9212463.08,23526051.56
2017,7,LVDPA0064,951,14328960.84,34314995.18
2017,7,LVDPA0065,607,7661653.72,20420427.67
2017,7,LVDPA0066,564,5669524.15,12493878.71
2017,7,LVDPA0067,450,5343796.69,14185241.74
2017,7,LVDPA0068,187,1901013.82,5464093.30
2017,7,LVDPA0069,502,5651355.24,18235214.45
2017,7,LVDPA0070,864,10153847.66,27716445.59
2017,7,LVDPA0071,217,4021406.48,11492287.30
2017,7,LVDPA0072,645,7736880.07,19709668.86
2017,7,LVDPA0073,522,7238001.86,19264080.35
2017,7,LVDPA0074,685,11151729.61,26780305.49
2017,7,LVDPA0075,347,4276524.98,11885689.24
2017,7,LVDPA0076,1213,11722229.83,29442959.10
2017,7,LVDPA0077,371,4845373.00,14286538.14
2017,7,LVDPA0078,787,7730314.74,15604059.57
2017,7,LVDPA0079,629,10066126.66,29892312.35
2017,7,LVDPA0080,3093,58489754.03,158041125.34
2017,7,LVDPA0081,46,504157.92,1347316.15
2017,7,LVDPA0082,882,9768788.39,23999524.56
2017,7,LVDPA0083,490,5622690.22,17335107.12
2017,7,LVDPA0084,161,1340401.61,2788425.60
2017,7,LVDPA0085,451,5575901.80,13277472.94
2017,7,LVDPA0086,417,4286811.82,10865495.08
2017,7,LVDPA0087,590,5958345.77,15029187.68
2017,7,LVDPA0088,973,21055915.17,46846299.58
2017,7,LVDPA0089,831,12428690.79,32646356.13
2017,7,LVDPA0090,1330,25765233.32,61645516.16
2017,7,LVDPA0091,837,17050353.15,51413640.20
2017,7,LVDPA0092,40,576875.94,1321878.28
2017,7,LVDPA0093,308,3733957.95,8691919.07
2017,7,LVDPA0094,345,4843631.52,12603007.16
2017,7,LVDPA0095,525,7682064.37,19010089.20
2017,7,LVDPA0096,249,3239050.62,8512541.61
2017,7,LVDPA0097,328,3069832.78,8011730.54
2017,7,LVDPA0098,318,2381774.67,5981804.17
2017,7,LVDPA0099,528,8513834.87,20816557.80
2017,7,LVDPA0100,609,9529062.42,24235962.73
2017,7,LVDPA0102,870,11181429.37,29647526.49
2017,7,LVDPA0103,1735,32991192.39,83334866.38
2017,7,LVDPA0104,1060,16888972.80,42941268.00
2017,7,LVDPA0105,646,10787239.70,26533972.46
2017,7,LVDPA0106,380,3664925.84,7875282.67
2017,7,LVDPA0107,563,6092952.73,18000159.37
2017,7,LVDPA0108,768,13447535.75,30588075.78
2017,7,LVDPA0109,285,3446976.73,8952909.28
2017,7,LVDPA0110,430,5346628.46,13544673.48
2017,7,LVDPA0111,1156,22432683.70,55420777.32
2017,7,LVDPA0112,345,4623400.58,13834110.02
2017,7,LVDPA0113,6521,112638090.40,286656935.52
2017,7,LVDPA0114,148,1783617.01,5504616.09
2017,7,LVDPA0115,779,9700674.39,21966042.73
2017,7,LVDPA0116,179,1240824.16,3578937.26
2017,7,LVDPA0117,476,5564889.40,13590845.54
2017,7,LVDPA0118,462,7249376.75,19854666.79
2017,7,LVDPA0119,368,5063257.10,14654103.16
2017,7,LVDPA0120,418,4163288.30,10681882.21
2017,7,LVDPA0121,129,1228634.14,2280201.56
2017,7,LVDPA0122,485,10170502.49,23116276.09
2017,7,LVDPA0123,169,3220715.51,6979147.48
2017,7,LVDPA0124,492,7296465.45,30105006.50
2017,7,LVDPA0125,462,5079774.91,14805111.98
2017,7,LVDPA0126,485,6855758.87,18348200.88
2017,7,LVDPA0128,188,1775834.29,4335502.68
2017,7,LVDPA0129,191,1333175.86,3996509.72
2017,7,LVDPA0130,223,5331739.69,14942089.54
2017,7,LVDPA0131,198,1336276.13,2898356.94
2017,7,LVDPA0132,198,2965292.85,6866275.23
2017,7,LVDPA0133,256,2017345.60,5660050.38
2017,7,LVDPA0134,241,3228801.07,11218114.10
2017,7,LVDPA0135,132,1224758.24,3470080.09
2017,7,LVDPA0136,208,2655196.51,5802420.29
2017,7,LVDPA0137,293,3578557.37,8885356.59
2017,7,LVDPA0138,944,10781829.76,30075246.30
2017,7,LVDPA0139,234,3113193.63,8484520.20
2017,7,LVDPA0140,305,8067131.57,18377526.19
2017,7,LVDPA0141,282,3409912.00,12386509.60
2017,7,LVDPA0142,460,6490473.05,19126276.51
2017,7,LVDPA0143,84,636042.25,1384545.92
2017,7,LVDPA0144,299,4002384.43,12929531.43
2017,7,LVDPA0146,240,2867968.39,6917365.68
2017,7,LVDPA0147,2626,52445065.99,167542371.76
2017,7,LVDPA0148,129,1091724.29,2393418.07
2017,7,LVDPA0149,194,2395597.71,5671328.16
2017,7,LVDPA0150,107,703603.62,1764256.17
2017,7,LVDPA0151,153,1783075.84,4381760.11
2017,7,LVDPA0152,452,6091792.67,14809637.13
2017,7,LVDPA0153,402,4706669.59,12762094.32
2017,7,LVDPA0154,171,1860616.36,4774428.28
2017,7,LVDPA0155,433,6671989.19,16485142.37
2017,7,LVDPA0156,171,1957020.99,4842883.66
2017,7,LVDPA0157,117,835038.47,2543821.33
2017,7,LVDPA0158,121,1188752.25,2752089.91
2017,7,LVDPA0159,177,1804643.30,3281950.51
2017,7,LVDPA0160,72,941266.00,1959668.52
2017,7,LVDPA0161,228,1984092.39,6236579.99
2017,7,LVDPA0162,109,926207.91,2715083.67
2017,7,LVDPA0163,211,2058580.74,4863402.12
2017,7,LVDPA0164,144,977443.52,2319210.41
2017,7,LVDPA0165,210,2826281.01,7806237.12
2017,7,LVDPA0166,387,5691703.03,15336488.99
2017,7,LVDPA0167,655,7838454.53,20142940.93
2017,7,LVDPA0169,186,2266259.26,6419874.58
2017,7,LVDPA0170,84,1161952.08,3601442.12
2017,7,LVDPA0171,275,3259803.27,8035902.35
2017,7,LVDPA0172,339,3673188.67,8990289.19
2017,7,LVDPA0173,287,2918006.51,6799849.34
2017,7,LVDPA0174,207,1918824.75,4294093.43
2017,7,LVDPA0175,133,1582521.50,5026858.55
2017,7,LVDPA0176,170,862657.00,2195430.11
2017,7,LVDPA0177,201,1068534.13,2422790.48
2017,7,LVDPA0178,122,1053083.25,3336155.20
2017,7,LVDPA0179,268,2700828.81,6242115.32
2017,7,LVDPA0180,1138,21856434.95,71208987.94
2017,7,LVDPA0181,83,964464.14,1908287.96
2017,7,LVDPA0182,119,914927.44,2647002.55
2017,7,LVDPA0183,103,1451668.74,3650723.74
2017,7,LVDPA0184,124,936035.69,1993183.25
2017,7,LVDPA0185,1394,25436521.85,58388323.43
2017,7,LVDPA0186,221,2617718.80,6243449.91
2017,7,LVDPA0187,199,2907985.06,8359929.11
2017,7,LVDPA0188,56,1033226.96,2253015.88
2017,7,LVDPA0189,329,3400990.57,10458456.63
2017,7,LVDPA0190,491,7447365.46,19130290.54
2017,7,LVDPA0191,74,638475.66,1605941.92
2017,7,LVDPA0192,159,1677680.27,3571563.90
2017,7,LVDPA0193,230,2242733.96,6869420.48
2017,7,LVDPA0194,47,467439.27,1131995.38
2017,7,LVDPA0196,134,1301911.45,3655432.32
2017,7,LVDPA0197,341,4899205.68,12278498.00
2017,7,LVDPA0198,154,1271473.60,3186860.76
2017,7,LVDPA0199,144,2680976.19,5731360.30
2017,7,LVDPA0200,99,1042607.70,3430543.65
2017,7,LVDPA0201,141,1318199.46,3392748.89
2017,7,LVDPA0202,56,297786.19,704683.54
2017,7,LVDPA0203,228,2603508.07,7163530.86
2017,7,LVDPA0204,280,4366275.12,12212322.48
2017,7,LVDPA0205,99,950981.70,2490637.19
2017,7,LVDPA0206,117,1181550.78,3324596.69
2017,7,LVDPA0207,118,1185206.44,2556430.50
2017,7,LVDPA0208,186,2387737.67,7144721.23
2017,7,LVDPA0209,74,504279.97,1513768.87
2017,7,LVDPA0210,108,1720456.49,4021998.70
2017,7,LVDPA0211,160,2073321.56,5385379.25
2017,7,LVDPA0212,109,1006912.45,2468316.33
2017,7,LVDPA0213,148,1765723.09,5169992.18
2017,7,LVDPA0214,103,488547.42,1113555.86
2017,7,LVDPA0215,208,1921879.32,5259130.73
2017,7,LVDPA0216,65,413399.51,1192163.62
2017,7,LVDPA0217,84,513563.67,1306191.12
2017,7,LVDPA0218,74,517439.17,1102489.37
2017,7,LVDPA0219,48,632603.16,1601433.97
2017,7,LVDPA0220,99,1555619.47,3468775.20
2017,7,LVDPA0221,537,8006770.48,21995623.70
2017,7,LVDPA0222,141,1630689.75,4552956.70
2017,7,LVDPA0223,110,1131942.24,3141812.69
2017,7,LVDPA0224,89,995743.84,2364466.52
2017,7,LVDPA0225,96,1039589.03,2419986.50
2017,7,LVDPA0226,185,2327843.56,6602643.07
2017,7,LVDPA0227,69,1223562.89,2432304.11
2017,7,LVDPA0228,140,1424424.71,3817361.03
2017,7,LVDPA0229,203,1810375.14,6388963.37
2017,7,LVDPA0230,53,448679.43,944317.20
2017,7,LVDPA0232,33,398267.22,1199504.77
2017,7,LVDPA0233,109,1265732.29,3680327.60
2017,7,LVDPA0234,279,3171034.25,7874261.29
2017,7,LVDPA0235,87,1412965.62,4053112.18
2017,7,LVDPA0236,70,694190.51,1901385.51
2017,7,LVDPA0237,114,839588.61,2187012.39
2017,7,LVDPA0238,127,1134650.15,2676080.07
2017,7,LVDPA0239,259,5724282.98,14258081.61
2017,7,LVDPA0240,48,587566.02,1557569.88
2017,7,LVDPA0241,43,331430.97,645572.35
2017,7,LVDPA0242,129,1484543.33,4107099.45
2017,7,LVDPA0243,285,3612080.78,11779847.48
2017,7,LVDPA0244,173,1367304.17,3550417.09
2017,7,LVDPA0245,52,601866.78,1479607.59
2017,7,LVDPA0246,69,317932.88,755303.49
2017,7,LVDPA0247,143,2215285.73,4714360.32
2017,7,LVDPA0249,238,5409317.01,13073835.30
2017,7,LVDPA0250,67,370163.01,965182.11
2017,7,LVDPA0251,118,875871.83,2143132.95
2017,7,LVDPA0252,106,1013900.37,2404580.83
2017,7,LVDPA0253,17,547741.35,1004923.00
2017,7,LVDPA0254,261,3233005.56,7691775.92
2017,7,LVDPA0255,52,768250.38,2280241.26
2017,7,LVDPA0256,249,3748150.61,8407011.17
2017,7,LVDPA0257,135,2261198.31,4959784.72
2017,7,LVDPA0258,1513,28451944.93,71094957.68
2017,7,LVDPA0259,72,995960.46,2627683.44
2017,7,LVDPA0260,28,163152.31,425191.64
2017,7,LVDPA0261,70,671309.93,2277969.98
2017,7,LVDPA0262,47,308391.98,1006553.18
2017,7,LVDPA0263,169,2022249.23,4987454.93
2017,7,LVDPA0264,77,381348.07,820039.74
2017,7,LVDPA0265,130,1040091.17,2246413.06
2017,7,LVDPA0266,84,1461948.76,4141856.22
2017,7,LVDPA0267,120,2478298.77,5897463.45
2017,7,LVDPA0268,209,2487542.44,6806972.58
2017,7,LVDPA0269,69,1078201.63,3411878.24
2017,7,LVDPA0271,102,993851.07,1686980.07
2017,7,LVDPA0272,80,1071626.05,2961897.10
2017,7,LVDPA0273,244,3366721.31,9265939.03
2017,7,LVDPA0274,93,667536.00,1758857.03
2017,7,LVDPA0275,555,11916263.04,26472803.00
2017,7,LVDPA0276,109,1090629.82,3498364.61
2017,7,LVDPA0277,101,1442716.37,3540566.75
2017,7,LVDPA0278,119,1414732.64,3759029.66
2017,7,LVDPA0279,138,1718764.18,5819338.07
2017,7,LVDPA0280,168,1953444.71,5265636.38
2017,7,LVDPA0281,69,900287.26,2672390.84
2017,7,LVDPA0282,109,1396325.03,3719948.20
2017,7,LVDPA0283,46,313270.72,1057168.36
2017,7,LVDPA0284,80,563450.66,1623809.88
2017,7,LVDPA0285,175,1703908.81,5562090.41
2017,7,LVDPA0286,256,4136071.83,10699148.31
2017,7,LVDPA0287,88,682570.67,1502332.60
2017,7,LVDPA0288,124,1667402.65,4663693.39
2017,7,LVDPA0289,148,1855658.66,4373173.28
2017,7,LVDPA0290,152,948200.28,2459965.91
2017,7,LVDPA0291,193,2691443.98,6550618.74
2017,7,LVDPA0292,196,3483183.69,12749330.42
2017,7,LVDPA0293,41,594047.12,1323925.53
2017,7,LVDPA0294,161,2152182.34,5101120.25
2017,7,LVDPA0295,170,2161875.41,6009609.01
2017,7,LVDPA0296,58,587752.69,863883.55
2017,7,LVDPA0297,397,5810830.57,15256361.28
2017,7,LVDPA0298,170,1969563.68,7571221.12
2017,7,LVDPA0299,45,551802.80,1494284.37
2017,7,LVDPA0300,119,1006812.18,2088389.04
2017,7,LVDPA0301,188,1846919.86,4782267.73
2017,7,LVDPA0302,228,2300958.44,7218201.91
2017,7,LVDPA0303,215,4801643.57,11686912.18
2017,7,LVDPA0305,71,699931.37,2187836.55
2017,7,LVDPA0306,369,6331215.68,19570888.04
2017,7,LVDPA0307,327,3534849.42,8887792.16
2017,7,LVDPA0308,35,463714.16,1411274.53
2017,7,LVDPA0309,26,404240.92,982061.89
2017,7,LVDPA0310,233,2484890.35,9180479.79
2017,7,LVDPA0311,216,3370963.77,8959899.32
2017,7,LVDPA0312,76,887364.34,2690521.41
2017,7,LVDPA0313,121,1572871.92,3096886.00
2017,7,LVDPA0314,148,1878570.30,4561261.06
2017,7,LVDPA0315,36,483671.58,1146129.14
2017,7,LVDPA0316,79,964475.60,2265810.21
2017,7,LVDPA0317,155,2862480.39,8044448.32
2017,7,LVDPA0318,107,1671705.26,5739101.23
2017,7,LVDPA0319,70,429239.10,1653630.46
2017,7,LVDPA0320,96,1242555.27,3821911.59
2017,7,LVDPA0321,195,2212595.09,7174635.28
2017,7,LVDPA0322,68,470972.87,1209555.75
2017,7,LVDPA0323,229,3237992.61,8103137.23
2017,7,LVDPA0324,104,1172915.54,2974623.05
2017,7,LVDPA0325,28,176177.11,410632.90
2017,7,LVDPA0326,91,1078852.02,2626273.16
2017,7,LVDPA0327,88,781331.20,1947173.47
2017,7,LVDPA0328,78,456918.94,1231461.17
2017,7,LVDPA0329,138,2406856.98,5371786.62
2017,7,LVDPA0330,143,2149240.07,5595417.35
2017,7,LVDPA0331,161,1570582.62,5035714.21
2017,7,LVDPA0332,143,1734831.88,4520914.27
2017,7,LVDPA0333,560,9391003.73,22648448.20
2017,7,LVDPA0334,88,264410.74,859905.74
2017,7,LVDPA0335,101,483683.36,1479780.30
2017,7,LVDPA0336,22,551896.09,1121274.27
2017,7,LVDPA0337,132,1728887.95,5243688.45
2017,7,LVDPA0338,136,1224120.64,3199984.39
2017,7,LVDPA0339,214,2843105.57,8407541.13
2017,7,LVDPA0340,62,566762.48,1413403.93
2017,7,LVDPA0341,64,771394.02,1654695.66
2017,7,LVDPA0342,190,2208271.70,5407298.48
2017,7,LVDPA0343,264,3915524.30,9490383.58
2017,7,LVDPA0344,35,454071.18,1171729.03
2017,7,LVDPA0345,32,209707.87,609339.92
2017,7,LVDPA0346,232,2880322.02,8238920.05
2017,7,LVDPA0347,131,2275259.18,6115417.06
2017,7,LVDPA0348,85,1347169.03,3682931.45
2017,7,LVDPA0349,17,289983.73,625393.63
2017,7,LVDPA0350,104,1548351.85,3475240.11
2017,7,LVDPA0351,188,2082298.62,5165176.10
2017,7,LVDPA0352,154,2601870.25,7171108.47
2017,7,LVDPA0353,97,924795.83,2912939.41
2017,7,LVDPA0354,200,3578338.64,6631162.02
2017,7,LVDPA0355,85,1570417.46,4464957.41
2017,7,LVDPA0356,90,582610.25,1595107.55
2017,7,LVDPA0357,99,1244248.96,3800374.69
2017,7,LVDPA0358,58,686544.89,1443934.17
2017,7,LVDPA0359,114,1042726.40,2356850.81
2017,7,LVDPA0360,125,1511593.25,3453685.00
2017,7,LVDPA0361,25,198626.06,564562.04
2017,7,LVDPA0362,57,568955.76,1492716.05
2017,7,LVDPA0363,32,513787.29,1546098.33
2017,7,LVDPA0364,53,395842.06,1205642.35
2017,7,LVDPA0365,68,510476.54,1824902.01
2017,7,LVDPA0366,24,156438.11,524226.77
2017,7,LVDPA0367,31,381053.30,810026.66
2017,7,LVDPA0368,334,4474836.93,11299520.03
2017,7,LVDPA0369,88,685701.08,1424198.78
2017,7,LVDPA0370,118,1089788.13,2902502.22
2017,7,LVDPA0371,88,1160514.49,3239259.60
2017,7,LVDPA0372,102,1086450.80,3343891.44
2017,7,LVDPA0373,48,331029.33,893901.71
2017,7,LVDPA0374,770,11133886.87,25684776.30
2017,7,LVDPA0375,131,1842280.68,4970992.45
2017,7,LVDPA0376,66,738530.96,1796963.45
2017,7,LVDPA0377,62,884627.86,2081706.16
2017,7,LVDPA0378,98,1885035.42,4281653.87
2017,7,LVDPA0379,55,477929.51,1820012.84
2017,7,LVDPA0380,769,17491406.21,46858099.18
2017,7,LVDPA0382,574,8702180.06,24769296.45
2017,7,LVDPA0383,189,2105841.92,5389096.32
2017,7,LVDPA0384,111,1560238.98,4045141.21
2017,7,LVDPA0385,282,5320710.01,11096121.46
2017,7,LVDPA0386,81,1334118.92,3113348.91
2017,7,LVDPA0387,64,563035.91,1473183.03
2017,7,LVDPA0388,34,309296.24,747844.11
2017,7,LVDPA0389,59,720834.17,2067477.55
2017,7,LVDPA0390,106,1976241.99,4898805.65
2017,7,LVDPA0391,63,753982.33,2031619.38
2017,7,LVDPA0392,52,584405.19,1516318.19
2017,7,LVDPA0393,217,2918882.65,8291872.46
2017,7,LVDPA0394,270,3909103.58,11366255.19
2017,7,LVDPA0395,115,1150677.53,2463759.29
2017,7,LVDPA0396,195,3109776.45,10925358.17
2017,7,LVDPA0397,130,1224816.09,3253237.23
2017,7,LVDPA0398,64,511273.49,1386602.97
2017,7,LVDPA0399,59,555533.68,1544146.73
2017,7,LVDPA0400,94,947304.44,2171422.74
2017,7,LVDPA0401,41,305270.37,1123981.02
2017,7,LVDPA0402,86,1358307.54,4505654.87
2017,7,LVDPA0403,65,270492.35,922072.75
2017,7,LVDPA0404,143,1728909.49,4483933.05
2017,7,LVDPA0405,66,673892.68,1537968.68
2017,7,LVDPA0406,118,1573173.91,3863352.88
2017,7,LVDPA0407,181,1806181.06,4658835.68
2017,7,LVDPA0408,86,1143895.86,2727383.47
2017,7,LVDPA0409,47,190078.49,510372.67
2017,7,LVDPA0410,140,1999750.34,6019195.23
2017,7,LVDPA0411,331,5935003.92,16899544.45
2017,7,LVDPA0412,65,357797.68,810813.02
2017,7,LVDPA0413,560,8608734.31,21650828.39
2017,7,LVDPA0414,17,108684.58,249295.36
2017,7,LVDPA0415,106,1512008.70,3191834.04
2017,7,LVDPA0416,246,4199975.66,11264052.16
2017,7,LVDPA0417,57,304938.91,945762.10
2017,7,LVDPA0418,49,495612.60,1606294.92
2017,7,LVDPA0419,55,778588.63,1816160.70
2017,7,LVDPA0420,18,175312.91,375653.19
2017,7,LVDPA0421,1375,23448708.32,62300543.79
2017,7,LVDPA0422,207,2055540.83,6133823.35
2017,7,LVDPA0423,32,547260.02,1231871.61
2017,7,LVDPA0424,426,8146908.01,19232096.33
2017,7,LVDPA0425,249,2690956.41,8043338.98
2017,7,LVDPA0426,56,693775.48,1655532.05
2017,7,LVDPA0427,152,2148296.25,5958257.78
2017,7,LVDPA0428,17,320498.94,567615.19
2017,7,LVDPA0429,85,444372.30,1054023.78
2017,7,LVDPA0430,103,862178.20,1903274.91
2017,7,LVDPA0431,108,1887203.15,4063166.90
2017,7,LVDPA0432,114,1564419.34,5147301.97
2017,7,LVDPA0433,79,716712.47,1910881.13
2017,7,LVDPA0434,47,610620.99,1278639.80
2017,7,LVDPA0435,48,551286.80,1529114.72
2017,7,LVDPA0436,10,228550.43,567573.19
2017,7,LVDPA0437,98,1139597.02,3998614.36
2017,7,LVDPA0438,146,2101325.86,5247584.09
2017,7,LVDPA0439,21,335740.28,710194.25
2017,7,LVDPA0440,129,1608273.76,4212265.64
2017,7,LVDPA0441,119,1420203.41,4730031.73
2017,7,LVDPA0442,69,318481.64,773980.57
2017,7,LVDPA0443,13,43019.87,97923.88
2017,7,LVDPA0444,66,580278.44,1361750.64
2017,7,LVDPA0445,47,570036.94,2863342.17
2017,7,LVDPA0447,20,41215.50,103859.21
2017,7,LVDPA0448,83,889876.31,2224700.97
2017,7,LVDPA0449,89,1056531.63,2642885.76
2017,7,LVDPA0450,17,228046.96,614133.53
2017,7,LVDPA0451,82,605611.97,1597480.43
2017,7,LVDPA0452,13,26051.38,47743.08
2017,7,LVDPA0453,157,2153240.76,5976852.03
2017,7,LVDPA0454,18,54393.12,113260.59
2017,7,LVDPA0455,210,1592138.44,4681646.89
2017,7,LVDPA0456,88,974576.54,2201315.58
2017,7,LVDPA0457,73,346493.71,791023.30
2017,7,LVDPA0459,78,674241.70,1426540.75
2017,7,LVDPA0460,93,588167.03,1952781.28
2017,7,LVDPA0461,78,566463.35,1427575.95
2017,7,LVDPA0462,143,2371241.72,6685395.80
2017,7,LVDPA0463,59,614405.27,1422106.84
2017,7,LVDPA0464,61,533940.76,1705745.35
2017,7,LVDPA0465,68,933591.52,1693368.46
2017,7,LVDPA0466,80,885952.84,2433285.56
2017,7,LVDPA0467,20,121188.54,252028.23
2017,7,LVDPA0468,78,541249.42,1303787.97
2017,7,LVDPA0469,86,694542.77,2258627.44
2017,7,LVDPA0470,62,938547.26,2369571.27
2017,7,LVDPA0471,52,707492.07,1727747.59
2017,7,LVDPA0472,91,803366.12,1848935.81
2017,7,LVDPA0473,82,1226441.26,2795559.85
2017,7,LVDPA0474,168,2026312.89,5026767.00
2017,7,LVDPA0476,31,350021.24,698368.34
2017,7,LVDPA0477,71,365741.57,735961.48
2017,7,LVDPA0478,101,1520374.77,5783990.44
2017,7,LVDPA0479,67,617994.93,1648635.44
2017,7,LVDPA0480,87,1488932.98,4671725.20
2017,7,LVDPA0481,88,1537600.19,4565118.44
2017,7,LVDPA0482,47,508305.23,1903870.84
2017,7,LVDPA0483,27,62284.94,181855.63
2017,7,LVDPA0484,79,751884.61,2130655.73
2017,7,LVDPA0485,85,1028495.26,2245933.98
2017,7,LVDPA0488,62,590576.11,1221782.64
2017,7,LVDPA0489,71,1437310.46,3082307.52
2017,7,LVDPA0490,61,825730.02,1864721.59
2017,7,LVDPA0491,151,2391200.37,6976938.91
2017,7,LVDPA0492,35,158653.16,329575.89
2017,7,LVDPA0493,29,400200.52,1106153.04
2017,7,LVDPA0494,14,121731.23,330061.25
2017,7,LVDPA0495,65,788530.44,2162474.12
2017,7,LVDPA0496,145,2688224.54,8447932.38
2017,7,LVDPA0497,77,1239223.28,2993646.01
2017,7,LVDPA0498,16,79773.94,255405.26
2017,7,LVDPA0499,710,9398247.11,25496241.59
2017,7,LVDPA0500,104,1045996.71,2933872.21
2017,7,LVDPA0501,101,1734390.07,4679417.96
2017,7,LVDPA0502,93,1029515.24,2051935.68
2017,7,LVDPA0503,82,1399080.76,3383574.66
2017,7,LVDPA0504,83,1249174.64,2804959.71
2017,7,LVDPA0505,26,369390.26,995430.63
2017,7,LVDPA0506,134,1892724.79,4644534.52
2017,7,LVDPA0507,88,1883973.33,4547474.37
2017,7,LVDPA0508,48,721994.16,1928498.80
2017,7,LVDPA0509,110,2018248.52,4239834.14
2017,7,LVDPA0510,50,398913.67,1309437.04
2017,7,LVDPA0512,105,1136445.44,3144598.66
2017,7,LVDPA0513,31,440657.67,1495519.68
2017,7,LVDPA0514,20,257683.24,616424.49
2017,7,LVDPA0515,153,1930431.37,4490571.90
2017,7,LVDPA0516,27,254033.52,855651.77
2017,7,LVDPA0517,141,1773048.96,3908885.62
2017,7,LVDPA0518,304,5602527.86,14882386.49
2017,7,LVDPA0519,183,2835566.14,8005686.63
2017,7,LVDPA0521,34,571780.19,1613247.40
2017,7,LVDPA0522,25,197812.66,572890.34
2017,7,LVDPA0523,102,700233.43,1780721.20
2017,7,LVDPA0524,14,207050.04,525145.86
2017,7,LVDPA0525,26,203885.41,501448.72
2017,7,LVDPA0526,180,2479493.04,5068824.87
2017,7,LVDPA0527,111,1971011.70,4820822.11
2017,7,LVDPA0528,83,1108310.23,3098817.76
2017,7,LVDPA0529,75,399196.18,1227056.22
2017,7,LVDPA0531,78,869094.27,2432870.64
2017,7,LVDPA0532,93,884847.52,2848785.57
2017,7,LVDPA0533,111,702027.96,1621554.41
2017,7,LVDPA0534,234,2788679.89,7369104.59
2017,7,LVDPA0535,21,253905.80,435491.08
2017,7,LVDPA0536,30,187314.74,496958.99
2017,7,LVDPA0537,148,997200.51,2136548.83
2017,7,LVDPA0538,295,2770569.57,7567491.42
2017,7,LVDPA0539,65,592483.43,1844925.00
2017,7,LVDPA0540,19,329511.11,904432.75
2017,7,LVDPA0541,40,388859.37,1115966.68
2017,7,LVDPA0542,62,1391651.59,2830592.26
2017,7,LVDPA0543,153,1754901.49,4276841.43
2017,7,LVDPA0544,107,3176820.33,14053079.45
2017,7,LVDPA0545,138,1208083.02,3190978.11
2017,7,LVDPA0546,40,557983.53,1142236.77
2017,7,LVDPA0547,79,926754.72,2946909.57
2017,7,LVDPA0548,119,1848639.54,5084306.50
2017,7,LVDPA0549,38,152080.09,465784.45
2017,7,LVDPA0550,101,842362.34,1938057.32
2017,7,LVDPA0551,154,2112665.81,4678273.44
2017,7,LVDPA0553,12,72479.66,193525.05
2017,7,LVDPA0554,93,1321879.06,3027830.34
2017,7,LVDPA0555,57,749664.27,1988908.96
2017,7,LVDPA0556,11,30108.74,49540.93
2017,7,LVDPA0557,272,4950338.30,12268790.55
2017,7,LVDPA0558,128,1431947.48,3964834.78
2017,7,LVDPA0559,23,78497.87,181234.17
2017,7,LVDPA0560,160,2514329.02,7315221.91
2017,7,LVDPA0561,63,1216800.73,3779259.29
2017,7,LVDPA0562,49,625842.48,1908049.95
2017,7,LVDPA0563,66,658909.08,1353992.47
2017,7,LVDPA0565,46,470835.68,1216638.89
2017,7,LVDPA0566,162,2744144.88,6729377.24
2017,7,LVDPA0567,11,80066.43,183007.67
2017,7,LVDPA0568,38,537330.77,990208.93
2017,7,LVDPA0569,67,1014735.73,2365713.87
2017,7,LVDPA0570,160,2576614.37,6160194.39
2017,7,LVDPA0571,142,1276624.90,3440038.54
2017,7,LVDPA0572,92,1204320.18,3074047.02
2017,7,LVDPA0573,64,562319.36,1832711.98
2017,7,LVDPA0574,74,1158678.63,3130041.38
2017,7,LVDPA0575,137,1082983.37,2539561.15
2017,7,LVDPA0577,141,1802896.27,4754065.29
2017,7,LVDPA0578,218,2014072.04,5621010.31
2017,7,LVDPA0579,217,2816636.00,6991009.27
2017,7,LVDPA0580,49,641939.87,1261830.37
2017,7,LVDPA0581,16,85972.87,248118.53
2017,7,LVDPA0582,143,1603514.84,4673623.29
2017,7,LVDPA0583,76,590259.93,1437749.71
2017,7,LVDPA0584,101,1276174.81,3608185.47
2017,7,LVDPA0585,207,2691962.92,7820816.59
2017,7,LVDPA0586,21,140934.57,312728.10
2017,7,LVDPA0587,134,1616389.03,4417878.86
2017,7,LVDPA0588,91,1108609.09,3107897.78
2017,7,LVDPA0589,67,834309.65,3063901.50
2017,7,LVDPA0590,72,660406.02,1682675.78
2017,7,LVDPA0591,108,735841.95,2187199.95
2017,7,LVDPA0592,70,651872.65,1919492.17
2017,7,LVDPA0593,20,531100.84,1337902.36
2017,7,LVDPA0594,11,6636.00,19588.78
2017,7,LVDPA0595,84,1443628.98,3797844.52
2017,7,LVDPA0596,166,2632671.38,7606215.65
2017,7,LVDPA0597,52,890510.78,2298027.74
2017,7,LVDPA0598,15,23630.01,158688.65
2017,7,LVDPA0599,76,865897.41,2294900.58
2017,7,LVDPA0600,41,314864.90,730931.39
2017,7,LVDPA0601,16,160506.45,319563.02
2017,7,LVDPA0603,147,1496443.52,3789200.49
2017,7,LVDPA0604,98,849706.40,2515513.26
2017,7,LVDPA0605,101,1188951.65,2889147.73
2017,7,LVDPA0606,68,925997.30,2246646.44
2017,7,LVDPA0607,50,481959.86,1413220.20
2017,7,LVDPA0608,61,866382.47,2192412.59
2017,7,LVDPA0609,62,403211.41,894375.53
2017,7,LVDPA0610,81,984547.43,2346968.13
2017,7,LVDPA0611,58,1267780.64,2302771.04
2017,7,LVDPA0612,102,798125.26,3031446.85
2017,7,LVDPA0613,37,208155.35,522283.29
2017,7,LVDPA0614,28,177970.43,512063.96
2017,7,LVDPA0615,57,458375.50,937902.22
2017,7,LVDPA0616,142,2591105.63,6411219.93
2017,7,LVDPA0617,50,251859.12,591866.43
2017,7,LVDPA0618,14,50903.54,229131.42
2017,7,LVDPA0619,12,78030.42,182111.85
2017,7,LVDPA0620,110,1491877.87,3642184.38
2017,7,LVDPA0621,107,2645757.12,7432348.68
2017,7,LVDPA0622,177,2160689.90,6545528.42
2017,7,LVDPA0623,378,8644182.11,20038239.89
2017,7,LVDPA0626,53,473088.99,988019.45
2017,7,LVDPA0627,35,574463.87,2180644.25
2017,7,LVDPA0628,102,913127.59,2765354.34
2017,7,LVDPA0629,19,210007.84,542854.25
2017,7,LVDPA0630,43,349883.78,1032145.89
2017,7,LVDPA0631,68,777134.12,2533826.49
2017,7,LVDPA0632,223,2617877.59,6876045.50
2017,7,LVDPA0633,371,5748823.89,12059273.44
2017,7,LVDPA0634,182,2747981.73,8562278.98
2017,7,LVDPA0635,364,3681581.40,9436260.50
2017,7,LVDPA0636,12,159925.35,470840.37
2017,7,LVDPA0637,37,241214.31,1097805.96
2017,7,LVDPA0638,47,363344.42,1301040.60
2017,7,LVDPA0639,61,170580.03,480195.61
2017,7,LVDPA0640,27,237033.31,480694.47
2017,7,LVDPA0641,110,1117978.48,3117819.85
2017,7,LVDPA0642,18,78578.22,257120.87
2017,7,LVDPA0643,150,1570372.45,3986330.31
2017,7,LVDPA0644,15,155265.71,552386.14
2017,7,LVDPA0645,55,628022.40,1717165.48
2017,7,LVDPA0646,55,543961.26,1231602.91
2017,7,LVDPA0647,21,206644.18,385723.48
2017,7,LVDPA0649,63,765243.58,1704058.01
2017,7,LVDPA0650,187,2500463.28,7955879.45
2017,7,LVDPA0651,90,1079004.61,2432389.81
2017,7,LVDPA0652,12,73844.35,232645.34
2017,7,LVDPA0653,123,1573976.61,4598551.61
2017,7,LVDPA0654,33,265511.59,783340.30
2017,7,LVDPA0655,175,4178731.77,10736513.53
2017,7,LVDPA0657,82,822361.54,2177870.32
2017,7,LVDPA0658,39,467690.44,1077102.11
2017,7,LVDPA0659,52,506944.41,1149497.19
2017,7,LVDPA0660,105,1635670.09,4913006.26
2017,7,LVDPA0661,14,132869.50,304683.05
2017,7,LVDPA0662,111,1006061.04,3219631.40
2017,7,LVDPA0663,58,546803.15,1609706.13
2017,7,LVDPA0664,299,5368931.33,12530126.91
2017,7,LVDPA0665,68,383674.03,905769.11
2017,7,LVDPA0666,36,335816.14,878433.70
2017,7,LVDPA0668,37,964276.64,2847613.14
2017,7,LVDPA0669,68,856635.35,2341395.68
2017,7,LVDPA0670,13,105381.40,251709.48
2017,7,LVDPA0671,19,97713.76,192932.04
2017,7,LVDPA0672,32,594416.18,1393320.90
2017,7,LVDPA0673,35,493212.19,1684725.40
2017,7,LVDPA0674,18,149505.87,235471.20
2017,7,LVDPA0675,19,208093.26,514902.75
2017,7,LVDPA0676,29,439737.86,1047560.16
2017,7,LVDPA0677,107,3638123.87,6887645.21
2017,7,LVDPA0678,79,894489.31,2124792.46
2017,7,LVDPA0679,152,2105419.84,5261763.42
2017,7,LVDPA0680,37,400207.56,1164258.12
2017,7,LVDPA0682,23,102877.23,303062.56
2017,7,LVDPA0683,35,258579.84,597942.05
2017,7,LVDPA0684,42,630217.86,1372483.95
2017,7,LVDPA0685,108,1229004.35,3494470.51
2017,7,LVDPA0686,53,612896.79,1339130.09
2017,7,LVDPA0687,35,320108.56,862833.87
2017,7,LVDPA0688,27,255461.19,755313.16
2017,7,LVDPA0689,19,333099.51,693982.60
2017,7,LVDPA0690,94,1414437.36,3955842.83
2017,7,LVDPA0691,37,508042.44,1559891.06
2017,7,LVDPA0692,40,854576.51,2459703.90
2017,7,LVDPA0693,23,394972.19,1048588.22
2017,7,LVDPA0694,73,1023544.42,2211375.30
2017,7,LVDPA0695,13,102758.75,314606.48
2017,7,LVDPA0696,13,49009.71,143783.04
2017,7,LVDPA0697,287,5005380.32,13247962.41
2017,7,LVDPA0698,98,1000306.34,2479730.62
2017,7,LVDPA0699,41,445907.42,1182291.37
2017,7,LVDPA0700,69,525959.89,1436267.43
2017,7,LVDPA0702,167,1622115.01,4616999.37
2017,7,LVDPA0703,27,304869.38,732647.26
2017,7,LVDPA0704,134,1631456.34,4277346.94
2017,7,LVDPA0705,35,413693.60,1820083.16
2017,7,LVDPA0706,61,419534.62,1118082.62
2017,7,LVDPA0707,66,2369366.28,4758492.81
2017,7,LVDPA0708,10,36205.19,72392.88
2017,7,LVDPA0709,35,466221.30,1414179.33
2017,7,LVDPA0710,51,564861.65,1355402.25
2017,7,LVDPA0711,17,198167.59,572031.33
2017,7,LVDPA0712,16,69168.69,229195.42
2017,7,LVDPA0713,75,1025832.09,3131411.24
2017,7,LVDPA0714,20,162946.53,458627.83
2017,7,LVDPA0715,76,686835.28,1786818.44
2017,7,LVDPA0716,102,1160807.72,2868128.69
2017,7,LVDPA0717,40,735786.24,1904855.90
2017,7,LVDPA0718,12,63210.34,202036.30
2017,7,LVDPA0719,82,1258315.95,3792526.73
2017,7,LVDPA0720,113,1385956.64,4193458.31
2017,7,LVDPA0721,52,1263534.43,2723548.96
2017,7,LVDPA0722,35,340030.21,862947.16
2017,7,LVDPA0723,136,2138423.35,6811140.26
2017,7,LVDPA0725,97,1024265.94,2963572.36
2017,7,LVDPA0726,52,481561.35,1316834.68
2017,7,LVDPA0727,75,500857.48,1106408.09
2017,7,LVDPA0728,73,848399.35,2094741.13
2017,7,LVDPA0729,475,7497300.53,18265941.15
2017,7,LVDPA0731,25,533596.39,1086334.39
2017,7,LVDPA0732,17,172264.67,348774.87
2017,7,LVDPA0733,32,240336.27,516439.84
2017,7,LVDPA0734,23,140997.36,365537.60
2017,7,LVDPA0735,66,989304.78,2930281.48
2017,7,LVDPA0736,40,433464.34,1088944.65
2017,7,LVDPA0737,149,1661611.60,4418663.77
2017,7,LVDPA0738,12,56519.18,135565.23
2017,7,LVDPA0739,124,1020124.33,2488061.04
2017,7,LVDPA0740,64,422812.09,977627.91
2017,7,LVDPA0741,169,2476124.02,6900258.55
2017,7,LVDPA0742,321,9151009.99,18733264.15
2017,7,LVDPA0743,13,172792.32,386440.99
2017,7,LVDPA0744,151,1806155.73,5001592.66
2017,7,LVDPA0745,77,481288.65,951333.33
2017,7,LVDPA0746,48,522314.35,1494447.23
2017,7,LVDPA0747,20,259162.03,508175.66
2017,7,LVDPA0748,50,484081.13,1179642.94
2017,7,LVDPA0749,57,942768.78,2132601.64
2017,7,LVDPA0752,39,508504.83,1052802.50
2017,7,LVDPA0754,31,416355.27,1433614.38
2017,7,LVDPA0755,74,1254675.69,2766436.95
2017,7,LVDPA0756,94,805672.61,2050860.43
2017,7,LVDPA0757,105,1080948.88,2447281.75
2017,7,LVDPA0758,169,1785526.65,4661354.57
2017,7,LVDPA0759,15,250425.69,502944.86
2017,7,LVDPA0760,72,510068.75,1429177.86
2017,7,LVDPA0761,61,911064.03,2388598.07
2017,7,LVDPA0762,30,255615.69,443473.73
2017,7,LVDPA0763,77,684454.47,1226048.91
2017,7,LVDPA0764,86,1088588.96,2803443.86
2017,7,LVDPA0765,44,594896.83,2160569.50
2017,7,LVDPA0766,85,673881.70,2173736.32
2017,7,LVDPA0767,34,536183.91,1468469.17
2017,7,LVDPA0768,40,423752.08,1068565.78
2017,7,LVDPA0769,36,435717.46,1010134.41
2017,7,LVDPA0770,27,267377.85,869987.31
2017,7,LVDPA0771,29,636088.13,1725150.18
2017,7,LVDPA0772,412,5447316.10,15744142.98
2017,7,LVDPA0773,32,589722.06,2129738.04
2017,7,LVDPA0774,15,251361.72,429830.47
2017,7,LVDPA0775,176,2676392.39,8135392.65
2017,7,LVDPA0776,31,428203.58,1059975.54
2017,7,LVDPA0777,140,1764073.95,4493707.40
2017,7,LVDPA0778,39,454580.08,835424.78
2017,7,LVDPA0780,25,299288.59,1176751.02
2017,7,LVDPA0781,149,1952124.97,6220735.89
2017,7,LVDPA0782,84,886871.10,2019023.17
2017,7,LVDPA0783,96,1050226.88,2876518.67
2017,7,LVDPA0784,74,1018538.06,3400842.00
2017,7,LVDPA0785,75,898812.46,1986261.69
2017,7,LVDPA0786,60,572346.35,1574529.91
2017,7,LVDPA0787,17,131299.69,396125.56
2017,7,LVDPA0788,137,1401657.32,3764998.11
2017,7,LVDPA0789,48,364007.68,968647.57
2017,7,LVDPA0790,73,652807.18,2151998.49
2017,7,LVDPA0791,120,1593194.62,5322776.16
2017,7,LVDPA0792,75,840250.08,1756670.32
2017,7,LVDPA0793,215,3669947.04,8118016.41
2017,7,LVDPA0795,97,1356049.01,3093663.44
2017,7,LVDPA0796,165,2034483.88,6025161.65
2017,7,LVDPA0797,19,204009.05,354497.98
2017,7,LVDPA0798,19,162659.54,620270.58
2017,7,LVDPA0799,53,571468.30,1409374.73
2017,7,LVDPA0800,45,471095.02,1752782.49
2017,7,LVDPA0802,35,382599.53,713553.00
2017,7,LVDPA0803,24,306790.87,776193.14
2017,7,LVDPA0804,22,195952.71,486926.80
2017,7,LVDPA0805,33,355659.53,1079906.83
2017,7,LVDPA0806,50,591811.47,1508727.64
2017,7,LVDPA0807,88,869937.79,1941923.04
2017,7,LVDPA0809,78,617902.66,1066484.33
2017,7,LVDPA0811,17,173498.53,564897.85
2017,7,LVDPA0812,57,433404.71,1202743.95
2017,7,LVDPA0814,63,533736.94,1386559.61
2017,7,LVDPA0815,41,661548.67,1919195.19
2017,7,LVDPA0816,13,120812.96,306316.53
2017,7,LVDPA0817,30,360973.17,693488.66
2017,7,LVDPA0818,74,1121544.72,2134058.86
2017,7,LVDPA0819,153,1825888.43,5486003.66
2017,7,LVDPA0820,12,162684.38,381799.46
2017,7,LVDPA0821,22,310092.96,806582.68
2017,7,LVDPA0822,125,2027470.16,5601916.37
2017,7,LVDPA0824,348,3325383.31,9770996.49
2017,7,LVDPA0825,24,408484.86,1011413.54
2017,7,LVDPA0827,77,898103.15,2069611.95
2017,7,LVDPA0828,106,1271921.24,3223589.75
2017,7,LVDPA0829,17,151437.59,502300.04
2017,7,LVDPA0830,77,1784576.80,5411852.43
2017,7,LVDPA0831,24,193154.77,635558.62
2017,7,LVDPA0832,28,269310.92,570286.75
2017,7,LVDPA0833,52,606841.37,1277290.97
2017,7,LVDPA0834,15,10016.46,15295.97
2017,7,LVDPA0835,103,2357434.26,5401044.58
2017,7,LVDPA0836,50,684706.41,1838232.66
2017,7,LVDPA0837,11,144283.58,368722.36
2017,7,LVDPA0842,75,1284002.63,3295091.25
2017,7,LVDPA0844,38,268178.99,782189.57
2017,7,LVDPA0845,22,279091.13,729139.66
2017,7,LVDPA0846,14,116388.55,244009.86
2017,7,LVDPA0847,51,558458.16,1369027.43
2017,7,LVDPA0848,26,558893.22,1148568.56
2017,7,LVDPA0849,20,117901.65,250209.03
2017,7,LVDPA0850,81,543058.69,1677768.23
2017,7,LVDPA0852,70,835876.89,2126886.52
2017,7,LVDPA0853,13,150477.16,388039.63
2017,7,LVDPA0854,57,741667.09,1488533.08
2017,7,LVDPA0855,49,491310.87,1384715.56
2017,7,LVDPA0856,71,765891.36,2355677.85
2017,7,LVDPA0857,40,706760.20,1525108.32
2017,7,LVDPA0858,92,1289846.23,3309869.33
2017,7,LVDPA0859,31,154645.83,429015.22
2017,7,LVDPA0860,241,3907488.79,10143243.51
2017,7,LVDPA0861,70,1465632.45,3654430.21
2017,7,LVDPA0862,43,350996.82,880719.52
2017,7,LVDPA0863,21,275077.92,581373.09
2017,7,LVDPA0866,53,603927.54,1314041.34
2017,7,LVDPA0867,39,362830.98,1071238.99
2017,7,LVDPA0869,37,238493.97,687133.55
2017,7,LVDPA0870,11,64525.69,146624.27
2017,7,LVDPA0871,28,443574.75,1241858.85
2017,7,LVDPA0872,25,156481.63,340110.72
2017,7,LVDPA0873,46,545762.21,1646274.17
2017,7,LVDPA0874,96,965888.59,2555034.26
2017,7,LVDPA0875,27,282687.11,934757.50
2017,7,LVDPA0876,125,1754481.78,3897761.22
2017,7,LVDPA0877,39,317081.04,1042623.11
2017,7,LVDPA0878,73,620627.81,1841970.81
2017,7,LVDPA0879,14,57600.51,165408.80
2017,7,LVDPA0880,82,969734.19,3705914.17
2017,7,LVDPA0881,103,1437290.69,3923485.45
2017,7,LVDPA0885,10,188737.40,340944.54
2017,7,LVDPA0886,26,438095.60,1139438.72
2017,7,LVDPA0887,105,1624312.14,5449730.71
2017,7,LVDPA0888,47,403797.16,1028268.46
2017,7,LVDPA0890,227,5899499.26,17561970.90
2017,7,LVDPA0891,125,1794972.11,5718033.60
2017,7,LVDPA0892,29,436456.59,948586.83
2017,7,LVDPA0893,26,629118.91,2413161.86
2017,7,LVDPA0895,28,128646.66,743081.06
2017,7,LVDPA0896,97,989059.33,2469883.93
2017,7,LVDPA0897,89,996294.63,2461194.52
2017,7,LVDPA0898,134,1646219.11,4310375.24
2017,7,LVDPA0899,16,263009.99,923483.79
2017,7,LVDPA0900,86,4248083.71,13131415.25
2017,7,LVDPA0901,37,496991.08,1101172.20
2017,7,LVDPA0905,147,2430765.56,6903170.51
2017,7,LVDPA0906,32,419484.26,944928.35
2017,7,LVDPA0907,13,66489.74,170608.53
2017,7,LVDPA0908,48,533845.48,1381487.14
2017,7,LVDPA0909,89,1548411.58,4110030.11
2017,7,LVDPA0910,169,2166061.22,5791857.35
2017,7,LVDPA0913,132,1678415.63,4512931.97
2017,7,LVDPA0914,28,145873.20,591577.34
2017,7,LVDPA0915,37,223158.55,684661.16
2017,7,LVDPA0916,53,746882.48,2405466.79
2017,7,LVDPA0917,14,87748.69,324779.43
2017,7,LVDPA0918,21,231191.92,852813.38
2017,7,LVDPA0919,39,377604.10,933335.82
2017,7,LVDPA0920,32,158024.54,508060.95
2017,7,LVDPA0921,205,2351828.51,7044945.59
2017,7,LVDPA0922,45,654658.27,1780898.40
2017,7,LVDPA0925,29,229811.10,568627.88
2017,7,LVDPA0927,32,339207.62,1074713.39
2017,7,LVDPA0928,67,890381.19,1732711.99
2017,7,LVDPA0931,25,176336.63,436644.95
2017,7,LVDPA0933,26,281483.88,1045221.74
2017,7,LVDPA0935,144,2038859.88,5219589.85
2017,7,LVDPA0936,16,127946.02,373539.17
2017,7,LVDPA0937,24,250349.62,829512.58
2017,7,LVDPA0938,18,217976.21,526751.82
2017,7,LVDPA0939,42,304441.94,737429.90
2017,7,LVDPA0941,50,728311.89,2730580.68
2017,7,LVDPA0942,28,212817.46,438503.10
2017,7,LVDPA0943,67,746858.99,1773232.36
2017,7,LVDPA0944,12,82679.67,182465.85
2017,7,LVDPA0945,54,420023.69,924142.74
2017,7,LVDPA0947,37,297646.47,743369.64
2017,7,LVDPA0948,71,643657.59,1199690.21
2017,7,LVDPA0949,257,3668296.38,10863437.23
2017,7,LVDPA0950,18,88787.67,176990.28
2017,7,LVDPA0951,82,982737.55,2185923.50
2017,7,LVDPA0952,289,4255643.51,11422575.24
2017,7,LVDPA0953,16,87145.34,156330.89
2017,7,LVDPA0954,17,180069.98,378500.72
2017,7,LVDPA0955,29,243580.90,470274.52
2017,7,LVDPA0956,28,403231.20,1377388.97
2017,7,LVDPA0957,34,467844.87,1473276.68
2017,7,LVDPA0958,34,429480.19,963542.40
2017,7,LVDPA0959,40,1080104.86,2769734.32
2017,7,LVDPA0960,31,285987.04,836546.96
2017,7,LVDPA0961,25,553556.16,1394382.77
2017,7,LVDPA0963,31,153842.67,284652.32
2017,7,LVDPA0965,18,256601.07,404206.16
2017,7,LVDPA0968,29,330350.81,786209.65
2017,7,LVDPA0970,21,161559.53,314105.85
2017,7,LVDPA0971,32,352247.42,761040.70
2017,7,LVDPA0972,82,628731.99,1948071.61
2017,7,LVDPA0973,37,259223.08,941917.96
2017,7,LVDPA0974,37,471287.53,1001360.24
2017,7,LVDPA0975,28,285086.40,684497.08
2017,7,LVDPA0977,39,601996.79,1331959.70
2017,7,LVDPA0978,26,355717.02,1216957.01
2017,7,LVDPA0982,27,225153.15,473518.85
2017,7,LVDPA0984,21,181093.24,595379.95
2017,7,LVDPA0985,45,523894.96,1333831.59
2017,7,LVDPA0986,34,544278.77,1187356.31
2017,7,LVDPA0988,63,856629.24,2416819.22
2017,7,LVDPA0989,44,839304.54,2339324.57
2017,7,LVDPA0990,61,849466.61,2244229.21
2017,7,LVDPA0991,43,369628.59,1384887.45
2017,7,LVDPA0992,70,587411.68,1514341.27
2017,7,LVDPA0993,21,472230.20,963570.21
2017,7,LVDPA0995,10,146430.43,406790.28
2017,7,LVDPA0997,78,1167115.70,3330669.30
2017,7,LVDPA0998,30,541026.70,1626663.65
2017,7,LVDPA0999,21,274829.78,776680.59
2017,7,LVDPA1000,19,272239.34,394897.95
2017,7,LVDPA1001,22,189330.92,612644.14
2017,7,LVDPA1002,19,257406.81,637041.40
2017,7,LVDPA1003,29,348982.47,1181126.02
2017,7,LVDPA1005,17,133955.44,240184.54
2017,7,LVDPA1009,16,216631.31,564971.73
2017,7,LVDPA1010,18,143849.22,328821.82
2017,7,LVDPA1011,20,404949.53,1582496.85
2017,7,LVDPA1014,13,137997.71,406441.64
2017,7,LVDPA1015,86,1153314.39,2874581.40
2017,7,LVDPA1017,15,152745.23,731411.33
2017,7,LVDPA1019,21,210360.02,332712.86
2017,7,LVDPA1021,18,141299.77,433518.05
2017,7,LVDPA1024,93,1105356.68,2697710.46
2017,7,LVDPA1027,16,126008.85,325234.03
2017,7,LVDPA1029,143,2575889.42,6552584.38
2017,7,LVDPA1030,17,172098.43,597103.59
2017,7,LVDPA1031,71,466177.97,1366221.05
2017,7,LVDPA1032,82,919648.04,2206546.00
2017,7,LVDPA1033,20,128980.85,468237.80
2017,7,LVDPA1035,16,87834.00,182949.65
2017,7,LVDPA1036,13,357870.10,1060394.06
2017,7,LVDPA1037,34,494762.74,1220488.53
2017,7,LVDPA1038,34,292873.32,887455.13
2017,7,LVDPA1039,82,1012192.26,3333865.85
2017,7,LVDPA1040,30,321335.86,1211878.52
2017,7,LVDPA1041,57,780477.80,2158584.28
2017,7,LVDPA1043,13,77825.56,240194.28
2017,7,LVDPA1044,55,575600.37,1210887.63
2017,7,LVDPA1047,42,695049.91,2148006.40
2017,7,LVDPA1048,19,380806.16,862955.15
2017,7,LVDPA1049,16,47362.10,105048.00
2017,7,LVDPA1050,42,561216.82,2138438.68
2017,7,LVDPA1051,19,138314.57,328278.76
2017,7,LVDPA1052,28,743945.24,2168419.36
2017,7,LVDPA1053,23,203290.10,1258085.29
2017,7,LVDPA1054,315,4891009.73,13411784.21
2017,7,LVDPA1055,17,95959.12,217390.76
2017,7,LVDPA1057,13,104745.32,368574.55
2017,7,LVDPA1059,16,215368.90,478594.43
2017,7,LVDPA1060,23,263200.70,490161.95
2017,7,LVDPA1061,14,287967.34,738229.59
2017,7,LVDPA1063,32,253031.17,529113.94
2017,7,LVDPA1066,31,292060.57,683408.87
2017,7,LVDPA1068,36,433228.54,1244093.31
2017,7,LVDPA1069,24,236553.05,577052.94
2017,7,LVDPA1070,29,502120.17,744893.61
2017,7,LVDPA1071,21,347714.51,1369564.84
2017,7,LVDPA1072,777,8123115.65,22180426.49
2017,7,LVDPA1073,64,570943.97,1143938.93
2017,7,LVDPA1074,25,522272.85,1165161.02
2017,7,LVDPA1075,31,224199.81,594056.70
2017,7,LVDPA1076,38,446708.51,1035371.57
2017,7,LVDPA1077,58,676609.72,1678214.24
2017,7,LVDPA1078,108,1729014.07,4248442.08
2017,7,LVDPA1079,32,357750.22,1336336.92
2017,7,LVDPA1080,33,694733.68,1550254.19
2017,7,LVDPA1082,43,287772.56,949344.38
2017,7,LVDPA1083,17,90603.97,416875.01
2017,7,LVDPA1084,14,320946.28,677929.82
2017,7,LVDPA1086,32,347542.72,970146.32
2017,7,LVDPA1087,15,189671.14,457415.89
2017,7,LVDPA1088,37,576845.12,1580565.93
2017,7,LVDPA1089,22,333587.44,1037497.48
2017,7,LVDPA1090,14,176487.13,362832.89
2017,7,LVDPA1091,51,608846.89,4709727.43
2017,7,LVDPA1093,31,419426.15,1256959.78
2017,7,LVDPA1094,26,266555.93,720636.54
2017,7,LVDPA1097,47,559084.60,1392640.45
2017,7,LVDPA1100,21,186351.07,806967.61
2017,7,LVDPA1101,15,98137.85,249002.73
2017,7,LVDPA1102,19,189911.83,870791.29
2017,7,LVDPA1103,18,211038.57,487194.98
2017,7,LVDPA1104,24,349944.49,1373409.21
2017,7,LVDPA1105,23,488472.71,1327750.04
2017,7,LVDPA1107,30,563837.39,1347159.60
2017,7,LVDPA1108,51,515177.74,1670655.81
2017,7,LVDPA1109,32,664973.62,2096106.37
2017,7,LVDPA1110,21,231710.42,652043.52
2017,7,LVDPA1111,22,380018.17,999781.32
2017,7,LVDPA1113,10,65219.29,108086.81
2017,7,LVDPA1114,31,304479.22,1179044.15
2017,7,LVDPA1115,19,688942.65,1100404.29
2017,7,LVDPA1116,17,87539.10,252684.12
2017,7,LVDPA1118,23,53938.50,161297.91
2017,7,LVDPA1119,16,227950.23,690882.84
2017,7,LVDPA1120,32,202248.94,543495.80
2017,7,LVDPA1123,12,180935.35,553348.90
2017,7,LVDPA1125,32,491329.39,1965276.04
2017,7,LVDPA1126,21,201830.41,623889.00
2017,7,LVDPA1127,63,539793.14,1446996.93
2017,7,LVDPA1129,109,1373269.44,4314229.99
2017,7,LVDPA1130,509,7571892.30,19054264.37
2017,7,LVDPA1132,17,68961.44,122690.93
2017,7,LVDPA1134,37,161510.14,443636.99
2017,7,LVDPA1136,15,170670.40,476902.43
2017,7,LVDPA1137,22,276113.70,701806.50
2017,7,LVDPA1138,31,555903.09,1162406.46
2017,7,LVDPA1139,21,300437.71,973239.09
2017,7,LVDPA1140,197,3613065.61,11209930.38
2017,7,LVDPA1142,12,298716.86,641274.14
2017,7,LVDPA1145,38,346498.03,1017221.19
2017,7,LVDPA1146,33,425525.73,1699216.76
2017,7,LVDPA1148,101,1517983.54,3637837.02
2017,7,LVDPA1149,29,255173.38,462636.04
2017,7,LVDPA1151,61,1429495.79,2436713.05
2017,7,LVDPA1152,12,80808.28,208018.62
2017,7,LVDPA1153,21,283335.09,559527.09
2017,7,LVDPA1154,154,2628932.70,6684811.39
2017,7,LVDPA1155,49,347666.43,833234.81
2017,7,LVDPA1157,28,210807.50,485157.30
2017,7,LVDPA1158,21,173160.38,552762.57
2017,7,LVDPA1160,31,491833.40,1304022.61
2017,7,LVDPA1161,34,519915.16,1207107.83
2017,7,LVDPA1163,16,272522.42,545968.81
2017,7,LVDPA1165,19,286609.54,733154.25
2017,7,LVDPA1166,31,341567.23,982154.02
2017,7,LVDPA1167,62,759864.92,1949714.15
2017,7,LVDPA1169,10,89406.41,301094.10
2017,7,LVDPA1172,14,168495.00,572241.02
2017,7,LVDPA1174,20,261908.97,541616.20
2017,7,LVDPA1175,26,277417.32,747778.04
2017,7,LVDPA1176,227,2868435.42,6885592.47
2017,7,LVDPA1178,32,521588.08,1046488.06
2017,7,LVDPA1179,28,339406.76,851078.37
2017,7,LVDPA1180,16,186053.24,729284.19
2017,7,LVDPA1181,19,165926.39,324402.35
2017,7,LVDPA1184,18,275056.55,533836.64
2017,7,LVDPA1185,27,497381.15,983028.82
2017,7,LVDPA1186,49,588860.22,1395825.96
2017,7,LVDPA1188,165,1655166.05,4449590.19
2017,7,LVDPA1189,29,435544.35,2270865.03
2017,7,LVDPA1192,72,1078506.91,2852544.20
2017,7,LVDPA1195,18,148465.70,674978.35
2017,7,LVDPA1196,23,203748.03,395065.77
2017,7,LVDPA1197,19,334575.47,735897.95
2017,7,LVDPA1198,73,1009867.92,2695166.36
2017,7,LVDPA1199,53,687788.88,1792380.01
2017,7,LVDPA1200,36,266584.40,725208.29
2017,7,LVDPA1201,21,253678.57,1070413.83
2017,7,LVDPA1206,38,637695.68,1449128.18
2017,7,LVDPA1208,10,69041.63,136058.44
2017,7,LVDPA1210,47,1094935.70,2265356.89
2017,7,LVDPA1212,28,514239.78,1191204.75
2017,7,LVDPA1214,18,219123.56,485763.22
2017,7,LVDPA1217,13,109062.84,226822.77
2017,7,LVDPA1218,20,121160.34,372598.79
2017,7,LVDPA1219,13,72607.76,117749.54
2017,7,LVDPA1221,18,90887.30,288603.53
2017,7,LVDPA1225,18,310272.17,622635.43
2017,7,LVDPA1226,57,808204.77,1881202.16
2017,7,LVDPA1227,13,78025.30,221087.54
2017,7,LVDPA1229,23,463724.70,1308927.33
2017,7,LVDPA1230,52,562639.68,1603368.04
2017,7,LVDPA1231,61,315373.28,989213.21
2017,7,LVDPA1232,90,1038057.48,2965526.69
2017,7,LVDPA1235,14,88267.55,205293.67
2017,7,LVDPA1236,75,1358515.89,6468006.04
2017,7,LVDPA1239,51,902731.80,1840015.31
2017,7,LVDPA1240,15,193176.54,466021.02
2017,7,LVDPA1241,45,335486.55,735463.27
2017,7,LVDPA1243,543,7822725.17,18133070.17
2017,7,LVDPA1244,43,732809.37,1297966.85
2017,7,LVDPA1245,19,236152.07,564279.71
2017,7,LVDPA1246,35,590266.37,1712036.50
2017,7,LVDPA1247,26,230843.03,503427.02
2017,7,LVDPA1248,22,404910.82,969469.28
2017,7,LVDPA1249,24,321740.97,796550.65
2017,7,LVDPA1253,69,600330.50,2901208.57
2017,7,LVDPA1256,19,169977.01,299175.29
2017,7,LVDPA1257,24,472107.40,1323997.47
2017,7,LVDPA1261,34,501169.74,1372778.43
2017,7,LVDPA1262,23,243557.08,670089.55
2017,7,LVDPA1263,23,101292.07,322845.87
2017,7,LVDPA1264,20,160584.26,465960.84
2017,7,LVDPA1265,29,328287.90,1128302.69
2017,7,LVDPA1267,47,608293.58,1925042.69
2017,7,LVDPA1268,71,1570057.03,3910126.79
2017,7,LVDPA1269,35,383812.21,1045653.72
2017,7,LVDPA1274,27,225438.29,696231.37
2017,7,LVDPA1276,30,505859.07,1106096.77
2017,7,LVDPA1278,36,639037.15,1339329.39
2017,7,LVDPA1279,38,401371.07,1296139.57
2017,7,LVDPA1281,30,342749.65,2241545.71
2017,7,LVDPA1284,14,219720.56,819480.83
2017,7,LVDPA1285,16,117479.44,324833.73
2017,7,LVDPA1289,11,91513.72,297631.40
2017,7,LVDPA1290,59,987171.01,2327177.17
2017,7,LVDPA1291,32,292236.62,634531.28
2017,7,LVDPA1292,47,440486.12,1652665.07
2017,7,LVDPA1295,28,389761.90,709414.24
2017,7,LVDPA1296,19,157805.78,338562.52
2017,7,LVDPA1297,30,228328.88,631121.92
2017,7,LVDPA1298,23,392660.58,1208669.45
2017,7,LVDPA1299,17,344778.48,703497.30
2017,7,LVDPA1303,20,350835.81,1233283.78
2017,7,LVDPA1305,25,458525.30,1068608.85
2017,7,LVDPA1306,33,376690.59,1026139.74
2017,7,LVDPA1307,24,325934.76,716043.22
2017,7,LVDPA1309,26,279174.93,865525.83
2017,7,LVDPA1310,21,89146.92,393076.13
2017,7,LVDPA1312,18,162674.67,368862.88
2017,7,LVDPA1315,22,384792.21,1123660.69
2017,7,LVDPA1317,75,794461.19,2536339.40
2017,7,LVDPA1320,20,254742.15,931075.37
2017,7,LVDPA1322,63,577780.02,1398361.74
2017,7,LVDPA1323,16,255742.26,722244.92
2017,7,LVDPA1325,14,99063.15,289587.85
2017,7,LVDPA1327,157,1862530.78,6023923.85
2017,7,LVDPA1329,15,228250.98,670605.80
2017,7,LVDPA1332,35,631016.08,1633001.73
2017,7,LVDPA1334,69,1252716.47,2935057.89
2017,7,LVDPA1335,101,1830941.79,4676030.63
2017,7,LVDPA1337,18,267882.82,596957.02
2017,7,LVDPA1339,27,226531.57,705859.06
2017,7,LVDPA1341,55,1000067.36,2709567.81
2017,7,LVDPA1344,23,175871.04,360459.58
2017,7,LVDPA1345,10,65391.54,151465.85
2017,7,LVDPA1346,46,673597.59,2522543.29
2017,7,LVDPA1347,24,409320.54,753804.82
2017,7,LVDPA1348,18,374177.12,965147.63
2017,7,LVDPA1351,14,209242.99,498295.11
2017,7,LVDPA1352,28,495422.60,1145751.15
2017,7,LVDPA1357,25,450259.31,908040.17
2017,7,LVDPA1359,11,77254.15,221716.04
2017,7,LVDPA1360,19,255191.60,801029.13
2017,7,LVDPA1364,17,188141.02,629581.37
2017,7,LVDPA1366,20,28619.52,57071.45
2017,7,LVDPA1368,19,64816.59,97438.78
2017,7,LVDPA1369,125,1733679.60,4377102.83
2017,7,LVDPA1370,20,317221.45,685752.34
2017,7,LVDPA1371,16,182373.15,494030.19
2017,7,LVDPA1372,550,8117780.29,20253051.86
2017,7,LVDPA1373,56,746699.35,2331334.64
2017,7,LVDPA1374,25,369658.09,1374469.72
2017,7,LVDPA1375,70,843142.06,2381579.18
2017,7,LVDPA1379,12,153757.98,401601.62
2017,7,LVDPA1381,15,222600.50,938290.60
2017,7,LVDPA1384,62,832392.19,2467757.85
2017,7,LVDPA1385,18,291878.58,713626.04
2017,7,LVDPA1386,10,110861.67,303993.65
2017,7,LVDPA1387,24,197972.33,603238.66
2017,7,LVDPA1388,51,859309.15,2484148.14
2017,7,LVDPA1389,34,540412.61,1131099.90
2017,7,LVDPA1391,62,285941.97,712827.56
2017,7,LVDPA1394,32,648564.36,2012043.82
2017,7,LVDPA1396,19,186026.56,336504.21
2017,7,LVDPA1397,42,719558.54,1489877.77
2017,7,LVDPA1399,18,216688.93,497069.36
2017,7,LVDPA1401,19,225099.62,726856.37
2017,7,LVDPA1404,47,709634.48,1658731.76
2017,7,LVDPA1405,27,415328.39,1076203.16
2017,7,LVDPA1408,23,159261.65,448864.70
2017,7,LVDPA1410,23,384105.90,909626.03
2017,7,LVDPA1412,26,305798.50,921266.36
2017,7,LVDPA1413,50,511710.63,1821221.18
2017,7,LVDPA1415,28,613330.27,1536064.90
2017,7,LVDPA1419,21,485356.55,1265879.35
2017,7,LVDPA1423,19,224051.61,725541.70
2017,7,LVDPA1424,23,184298.21,404875.67
2017,7,LVDPA1428,32,800934.61,1557631.69
2017,7,LVDPA1429,30,478267.34,903310.95
2017,7,LVDPA1431,15,176311.23,531521.21
2017,7,LVDPA1434,16,209477.20,475201.08
2017,7,LVDPA1435,26,357448.25,1124735.06
2017,7,LVDPA1441,19,234991.06,621565.40
2017,7,LVDPA1443,28,153679.42,449089.92
2017,7,LVDPA1445,11,84913.95,182564.65
2017,7,LVDPA1446,20,435048.51,1126978.91
2017,7,LVDPA1447,11,205152.01,545731.82
2017,7,LVDPA1449,15,106541.81,271091.25
2017,7,LVDPA1450,20,284456.13,715561.29
2017,7,LVDPA1452,10,75270.70,226010.62
2017,7,LVDPA1454,50,1062149.73,4463975.97
2017,7,LVDPA1456,11,124116.80,355594.04
2017,7,LVDPA1457,22,418982.55,1994903.05
2017,7,LVDPA1458,26,377555.41,1006002.88
2017,7,LVDPA1462,20,310439.40,827302.23
2017,7,LVDPA1467,10,63441.30,254752.74
2017,7,LVDPA1468,28,481483.51,1664948.61
2017,7,LVDPA1469,75,1621909.94,3515710.85
2017,7,LVDPA1472,28,381669.61,851356.61
2017,7,LVDPA1473,22,289979.57,726955.30
2017,7,LVDPA1475,192,2703335.14,7453994.58
2017,7,LVDPA1476,179,2659863.27,6280446.09
2017,7,LVDPA1477,547,11721746.52,26437082.13
2017,7,LVDPA1478,26,235983.96,506677.90
2017,7,LVDPA1479,288,5939580.34,18363973.36
2017,7,LVDPA1480,87,1421676.78,3283750.26
2017,7,LVDPA1481,38,531707.68,1226266.64
2017,7,LVDPA1482,272,5655545.05,14815742.91
2017,7,LVDPA1483,31,671244.30,2202120.67
2017,7,LVDPA1484,70,885896.99,1739094.44
2017,7,LVDPA1485,195,3396729.70,8920010.45
2017,7,LVDPA1486,66,1181492.09,3001143.89
2017,7,LVDPA1487,58,706685.16,1630999.38
2017,7,LVDPA1488,128,1696800.96,4324418.42
2017,7,LVDPA1489,49,785399.34,1641746.68
2017,7,LVDPA1490,110,1726313.36,4502884.63
2017,7,LVDPA1491,155,2843802.95,6989689.48
2017,7,LVDPA1492,23,230458.01,501171.65
2017,7,LVDPA1493,37,519388.61,1433417.11
2017,7,LVDPA1494,53,681293.93,2751483.27
2017,7,LVDPA1495,22,151622.19,366463.07
2017,7,LVDPA1496,71,1096900.99,2708839.43
2017,7,LVDPA1497,43,1003185.80,2620622.15
2017,7,LVDPA1498,72,1414848.40,2948012.58
2017,7,LVDPA1499,149,2634906.39,6484454.23
2017,7,LVDPA1500,56,1333014.59,3578507.93
2017,7,LVDPA1501,40,489493.35,1202120.13
2017,7,LVDPA1502,124,2921163.89,6552132.74
2017,7,LVDPA1503,92,2244376.33,4822484.92
2017,7,LVDPA1504,23,-48844.00,1522683.18
2017,7,LVDPA1505,71,890199.85,2423450.12
2017,7,LVDPA1506,75,800843.05,2931089.70
2017,7,LVDPA1507,74,2223815.70,4976996.60
2017,7,LVDPA1508,81,2452672.16,6686913.02
2017,7,LVDPA1509,25,348418.01,1095264.42
2017,7,LVDPA1510,20,315799.57,727454.27
2017,7,LVDPA1511,114,1610066.54,4325151.88
2017,7,LVDPA1512,66,1201281.34,2750148.25
2017,7,LVDPA1513,83,1856813.93,5773422.31
2017,7,LVDPA1514,48,821606.82,2251826.52
2017,7,LVDPA1515,103,1913485.65,4430630.46
2017,7,LVDPA1516,36,460541.04,1174359.20
2017,7,LVDPA1517,35,509974.92,1201418.23
2017,7,LVDPA1518,28,587110.24,1368712.28
2017,7,LVDPA1519,17,220229.40,443537.57
2017,7,LVDPA1520,31,501855.81,1236016.73
2017,7,LVDPA1521,19,372425.76,806109.17
2017,7,LVDPA1522,20,333200.03,761920.34
2017,7,LVDPA1523,58,882362.63,2045953.91
2017,7,LVDPA1525,83,1107832.44,2498529.96
2017,7,LVDPA1526,25,286994.90,723133.20
2017,7,LVDPA1527,25,429010.77,1113441.24
2017,7,LVDPA1528,51,942156.60,2110361.06
2017,7,LVDPA1529,30,624213.86,2307844.34
2017,7,LVDPA1530,73,1684891.46,3990467.70
2017,7,LVDPA1531,25,416737.83,1119416.74
2017,7,LVDPA1532,42,663087.05,1451247.13
2017,7,LVDPA1533,21,562040.52,1523438.63
2017,7,LVDPA1534,33,762095.71,1990692.57
2017,7,LVDPA1535,88,2121922.99,3984399.87
2017,7,LVDPA1536,103,1740799.52,5078308.43
2017,7,LVDPA1537,26,392393.75,969190.99
2017,7,LVDPA1538,19,236135.59,451033.90
2017,7,LVDPA1539,23,270302.16,690552.93
2017,7,LVDPA1540,34,959065.23,2498542.32
2017,7,LVDPA1541,16,147428.81,299804.87
2017,7,LVDPA1542,37,928331.91,2274260.59
2017,7,LVDPA1543,15,141477.54,346695.11
2017,7,LVDPA1544,28,311492.20,759759.48
2017,7,LVDPA1545,29,467923.65,966180.72
2017,7,LVDPA1546,33,650983.72,1547331.31
2017,7,LVDPA1547,47,1284358.12,2766863.19
2017,7,LVDPA1548,37,355073.73,1136072.26
2017,7,LVDPA1549,14,94708.93,239741.38
2017,7,LVDPA1551,30,343469.48,1093880.59
2017,7,LVDPA1552,49,830955.20,2129734.18
2017,7,LVDPA1553,16,320413.54,659301.04
2017,7,LVDPA1554,26,392279.69,954060.54
2017,7,LVDPA1556,64,1739456.88,5194305.66
2017,7,LVDPA1557,26,1759495.73,3701196.06
2017,7,LVDPA1559,13,318265.56,675527.31
2017,7,LVDPA1560,32,664582.77,1241787.42
2017,7,LVDPA1561,21,401593.03,780692.96
2017,7,LVDPA1562,17,154668.97,329824.27
2017,7,LVDPA1564,15,293924.57,976458.99
2017,7,LVDPA1565,31,518147.25,1284507.79
2017,7,LVDPA1566,29,360813.21,705385.03
2017,7,LVDPA1567,23,376863.35,1173005.03
2017,7,LVDPA1568,26,398992.25,857864.43
2017,7,LVDPA1569,11,161716.03,368531.27
2017,7,LVDPA1570,37,694078.10,1401146.19
2017,7,LVDPA1571,18,679404.68,943614.86